epoch,loss
0,2.311866
1,2.311773
2,2.311773
3,2.311773
4,2.310265
5,2.309546
6,2.309546
7,2.308351
8,2.308351
9,2.308302
10,2.308302
11,2.305466
12,2.305466
13,2.304298
14,2.304298
15,2.304298
16,2.302880
17,2.302880
18,2.302880
19,2.302704
20,2.302704
21,2.302437
22,2.302437
23,2.302325
24,2.302325
25,2.302325
26,2.302325
27,2.302325
28,2.302220
29,2.302220
30,2.301155
31,2.299839
32,2.299576
33,2.299576
34,2.296950
35,2.296950
36,2.296950
37,2.296950
38,2.296950
39,2.296950
40,2.296950
41,2.296950
42,2.296950
43,2.295385
44,2.295385
45,2.295385
46,2.295385
47,2.295385
48,2.294753
49,2.294753
50,2.294753
51,2.293716
52,2.292298
53,2.292298
54,2.291496
55,2.288597
56,2.288597
57,2.288176
58,2.286834
59,2.286336
60,2.285481
61,2.284811
62,2.284389
63,2.280938
64,2.280938
65,2.280938
66,2.280938
67,2.280721
68,2.277934
69,2.277753
70,2.277371
71,2.277371
72,2.276700
73,2.276358
74,2.276358
75,2.276358
76,2.275959
77,2.275959
78,2.275959
79,2.275959
80,2.275959
81,2.275218
82,2.275218
83,2.275218
84,2.275218
85,2.275218
86,2.274002
87,2.273580
88,2.273483
89,2.273483
90,2.269479
91,2.269479
92,2.268372
93,2.268372
94,2.266196
95,2.266196
96,2.266196
97,2.266196
98,2.266196
99,2.266196
100,2.264528
101,2.264528
102,2.263451
103,2.263296
104,2.262480
105,2.262480
106,2.262480
107,2.262364
108,2.261429
109,2.261258
110,2.260446
111,2.260446
112,2.260208
113,2.259728
114,2.257751
115,2.257751
116,2.257751
117,2.257751
118,2.257751
119,2.257534
120,2.257534
121,2.256345
122,2.255165
123,2.255165
124,2.255165
125,2.255165
126,2.255002
127,2.252283
128,2.252283
129,2.252283
130,2.251099
131,2.250420
132,2.249999
133,2.249999
134,2.249999
135,2.249999
136,2.249999
137,2.249999
138,2.249160
139,2.249160
140,2.249160
141,2.249007
142,2.247028
143,2.246700
144,2.246700
145,2.246700
146,2.246700
147,2.244994
148,2.244735
149,2.244735
150,2.244735
151,2.244735
152,2.243497
153,2.243497
154,2.243497
155,2.243497
156,2.243123
157,2.243123
158,2.243123
159,2.242138
160,2.242138
161,2.241781
162,2.241781
163,2.241781
164,2.241317
165,2.241140
166,2.241140
167,2.238871
168,2.235684
169,2.235684
170,2.235684
171,2.235684
172,2.235684
173,2.235684
174,2.235684
175,2.235684
176,2.234752
177,2.234752
178,2.234752
179,2.234752
180,2.234752
181,2.234752
182,2.234752
183,2.234244
184,2.234244
185,2.233892
186,2.232817
187,2.232817
188,2.232738
189,2.232383
190,2.230605
191,2.228875
192,2.228875
193,2.228875
194,2.228875
195,2.228875
196,2.228875
197,2.228053
198,2.227447
199,2.225832
200,2.223990
201,2.223646
202,2.221110
203,2.221110
204,2.220439
205,2.220439
206,2.220439
207,2.220439
208,2.220439
209,2.220439
210,2.220439
211,2.219553
212,2.219241
213,2.219241
214,2.219072
215,2.219072
216,2.219072
217,2.218263
218,2.218263
219,2.217264
220,2.216991
221,2.216991
222,2.216991
223,2.216991
224,2.216398
225,2.216398
226,2.215721
227,2.213059
228,2.212169
229,2.212169
230,2.211792
231,2.211792
232,2.211792
233,2.209800
234,2.209800
235,2.209800
236,2.209170
237,2.206751
238,2.206751
239,2.206751
240,2.203315
241,2.200588
242,2.200588
243,2.200247
244,2.200247
245,2.198771
246,2.198771
247,2.198174
248,2.198174
249,2.197561
250,2.197561
251,2.197561
252,2.197561
253,2.196260
254,2.196260
255,2.196260
256,2.194432
257,2.194432
258,2.194432
259,2.194432
260,2.194432
261,2.194432
262,2.194175
263,2.191998
264,2.191998
265,2.191998
266,2.191665
267,2.191665
268,2.191514
269,2.191514
270,2.191514
271,2.191514
272,2.191048
273,2.191048
274,2.190961
275,2.190961
276,2.190961
277,2.189910
278,2.188198
279,2.187083
280,2.187083
281,2.186887
282,2.186887
283,2.186887
284,2.186679
285,2.184515
286,2.184103
287,2.184103
288,2.184103
289,2.183345
290,2.183345
291,2.183123
292,2.183123
293,2.183123
294,2.183123
295,2.181654
296,2.181654
297,2.181654
298,2.179091
299,2.179091
300,2.178418
301,2.177493
302,2.177493
303,2.176956
304,2.176956
305,2.175224
306,2.175192
307,2.174147
308,2.174147
309,2.174147
310,2.174147
311,2.174147
312,2.173816
313,2.173816
314,2.173816
315,2.173816
316,2.173595
317,2.171929
318,2.171500
319,2.171500
320,2.170467
321,2.170467
322,2.170419
323,2.170419
324,2.168633
325,2.168633
326,2.168633
327,2.166805
328,2.166805
329,2.163990
330,2.163224
331,2.163224
332,2.163224
333,2.163081
334,2.163081
335,2.163081
336,2.161746
337,2.160958
338,2.160958
339,2.160583
340,2.160583
341,2.160583
342,2.159857
343,2.159857
344,2.159857
345,2.159857
346,2.159857
347,2.159539
348,2.159539
349,2.159539
350,2.159539
351,2.159539
352,2.159539
353,2.158763
354,2.158763
355,2.157260
356,2.157260
357,2.157260
358,2.157260
359,2.156820
360,2.156191
361,2.156191
362,2.156191
363,2.156191
364,2.156191
365,2.156191
366,2.156191
367,2.156109
368,2.156109
369,2.156109
370,2.155827
371,2.155089
372,2.154358
373,2.153941
374,2.153941
375,2.153813
376,2.153813
377,2.153493
378,2.152944
379,2.152944
380,2.152452
381,2.151473
382,2.150188
383,2.150188
384,2.150188
385,2.149344
386,2.148520
387,2.147885
388,2.147885
389,2.147885
390,2.147704
391,2.146514
392,2.146514
393,2.145121
394,2.145121
395,2.143987
396,2.143282
397,2.140166
398,2.140166
399,2.140166
400,2.137573
401,2.136635
402,2.136635
403,2.135369
404,2.135369
405,2.135160
406,2.133423
407,2.133423
408,2.132971
409,2.132971
410,2.131320
411,2.130993
412,2.130993
413,2.130837
414,2.130837
415,2.130079
416,2.130039
417,2.127963
418,2.127634
419,2.127634
420,2.125846
421,2.125846
422,2.125846
423,2.125846
424,2.125846
425,2.123918
426,2.123918
427,2.123918
428,2.122675
429,2.121294
430,2.121156
431,2.120296
432,2.119784
433,2.119784
434,2.119784
435,2.119784
436,2.116307
437,2.116307
438,2.115252
439,2.115252
440,2.114520
441,2.114520
442,2.114520
443,2.113985
444,2.113985
445,2.113370
446,2.113370
447,2.112916
448,2.112916
449,2.112916
450,2.110024
451,2.110024
452,2.110024
453,2.109074
454,2.108838
455,2.108838
456,2.107990
457,2.107990
458,2.107961
459,2.107625
460,2.107511
461,2.107511
462,2.107511
463,2.106954
464,2.105673
465,2.105673
466,2.105673
467,2.104547
468,2.103884
469,2.103884
470,2.103884
471,2.103231
472,2.103231
473,2.103231
474,2.101954
475,2.101954
476,2.101369
477,2.099788
478,2.099788
479,2.099788
480,2.099788
481,2.097990
482,2.097990
483,2.097990
484,2.097990
485,2.097990
486,2.097990
487,2.097438
488,2.097438
489,2.097438
490,2.097438
491,2.097438
492,2.097438
493,2.097438
494,2.095184
495,2.095184
496,2.095184
497,2.095184
498,2.095184
499,2.095004
500,2.095004
501,2.095004
502,2.095004
503,2.095004
504,2.094873
505,2.094873
506,2.094873
507,2.094873
508,2.094873
509,2.094873
510,2.093874
511,2.093861
512,2.093861
513,2.093055
514,2.093055
515,2.093055
516,2.092448
517,2.092448
518,2.092438
519,2.092438
520,2.090512
521,2.090512
522,2.090409
523,2.090263
524,2.090263
525,2.089081
526,2.087089
527,2.086839
528,2.086500
529,2.086500
530,2.086500
531,2.086500
532,2.086500
533,2.086500
534,2.086297
535,2.086297
536,2.084787
537,2.084405
538,2.084405
539,2.084405
540,2.084405
541,2.083328
542,2.082607
543,2.082276
544,2.082276
545,2.082276
546,2.082154
547,2.082140
548,2.082140
549,2.082140
550,2.082140
551,2.082140
552,2.082140
553,2.082140
554,2.082140
555,2.082140
556,2.082140
557,2.081317
558,2.081317
559,2.080898
560,2.080898
561,2.080819
562,2.080819
563,2.080552
564,2.080552
565,2.080552
566,2.080552
567,2.080552
568,2.080552
569,2.080552
570,2.080552
571,2.080275
572,2.079348
573,2.078597
574,2.078597
575,2.078597
576,2.077757
577,2.077757
578,2.077757
579,2.077290
580,2.077290
581,2.077290
582,2.077290
583,2.077290
584,2.076431
585,2.075488
586,2.074169
587,2.074169
588,2.074169
589,2.073934
590,2.073231
591,2.071905
592,2.071905
593,2.071291
594,2.069659
595,2.069659
596,2.069659
597,2.069659
598,2.069659
599,2.069659
600,2.069301
601,2.068889
602,2.068889
603,2.068377
604,2.067333
605,2.067333
606,2.065943
607,2.065943
608,2.065822
609,2.064677
610,2.064222
611,2.064222
612,2.064131
613,2.063365
614,2.062562
615,2.062562
616,2.061736
617,2.061736
618,2.061736
619,2.060558
620,2.060558
621,2.059864
622,2.058023
623,2.058023
624,2.057682
625,2.057682
626,2.057066
627,2.056575
628,2.056569
629,2.056070
630,2.056070
631,2.056070
632,2.055904
633,2.055056
634,2.054905
635,2.054905
636,2.053637
637,2.053637
638,2.053637
639,2.052941
640,2.052941
641,2.052243
642,2.052243
643,2.052243
644,2.052243
645,2.050776
646,2.050776
647,2.050776
648,2.050776
649,2.050776
650,2.050454
651,2.050454
652,2.050454
653,2.049694
654,2.048506
655,2.048506
656,2.048040
657,2.047324
658,2.045476
659,2.045288
660,2.045288
661,2.045288
662,2.045288
663,2.045288
664,2.045258
665,2.045258
666,2.045002
667,2.045002
668,2.045002
669,2.045002
670,2.045002
671,2.044900
672,2.044653
673,2.044653
674,2.044653
675,2.044653
676,2.044653
677,2.044653
678,2.043920
679,2.043849
680,2.043118
681,2.042474
682,2.042474
683,2.042474
684,2.042474
685,2.042474
686,2.040964
687,2.040964
688,2.040964
689,2.040123
690,2.040123
691,2.040003
692,2.039547
693,2.039547
694,2.039547
695,2.039547
696,2.038529
697,2.037872
698,2.037872
699,2.037872
700,2.037117
701,2.036412
702,2.036412
703,2.035491
704,2.035265
705,2.035265
706,2.035265
707,2.035265
708,2.034583
709,2.034583
710,2.034583
711,2.034240
712,2.033970
713,2.033970
714,2.033941
715,2.033941
716,2.033686
717,2.033120
718,2.033120
719,2.033120
720,2.033066
721,2.033066
722,2.033066
723,2.032350
724,2.032350
725,2.029879
726,2.029395
727,2.029395
728,2.028273
729,2.028273
730,2.028273
731,2.028273
732,2.028273
733,2.026931
734,2.026931
735,2.026931
736,2.026931
737,2.026931
738,2.026931
739,2.026931
740,2.026647
741,2.026647
742,2.026647
743,2.026647
744,2.026647
745,2.026647
746,2.026647
747,2.026647
748,2.026647
749,2.026647
750,2.026219
751,2.026219
752,2.026219
753,2.026219
754,2.026219
755,2.025578
756,2.025578
757,2.025578
758,2.025057
759,2.025057
760,2.025057
761,2.025057
762,2.025057
763,2.025057
764,2.024599
765,2.024259
766,2.024259
767,2.023781
768,2.023219
769,2.022337
770,2.022337
771,2.022337
772,2.021685
773,2.021609
774,2.021609
775,2.021609
776,2.021609
777,2.021609
778,2.020120
779,2.020120
780,2.019465
781,2.018626
782,2.018626
783,2.018626
784,2.018590
785,2.017812
786,2.016569
787,2.016569
788,2.016449
789,2.015887
790,2.015294
791,2.015294
792,2.014576
793,2.014576
794,2.013728
795,2.013728
796,2.013728
797,2.013728
798,2.011772
799,2.010645
800,2.009524
801,2.008681
802,2.008047
803,2.007675
804,2.007675
805,2.006574
806,2.006207
807,2.006207
808,2.006207
809,2.005792
810,2.004810
811,2.004633
812,2.004089
813,2.004089
814,2.004089
815,2.003088
816,2.003088
817,2.002351
818,2.002351
819,2.002351
820,2.001721
821,2.001721
822,2.001721
823,2.001721
824,2.001514
825,2.000614
826,2.000614
827,2.000614
828,1.999992
829,1.999332
830,1.999332
831,1.998830
832,1.998830
833,1.998130
834,1.997444
835,1.997444
836,1.997444
837,1.997316
838,1.997316
839,1.997316
840,1.997194
841,1.996338
842,1.995323
843,1.995323
844,1.993557
845,1.993557
846,1.993557
847,1.993433
848,1.993433
849,1.993017
850,1.993017
851,1.992401
852,1.992283
853,1.992283
854,1.992283
855,1.991803
856,1.991681
857,1.991450
858,1.991450
859,1.991450
860,1.990988
861,1.990988
862,1.990137
863,1.989727
864,1.988930
865,1.988930
866,1.988600
867,1.988600
868,1.988593
869,1.988387
870,1.988213
871,1.988213
872,1.988213
873,1.987996
874,1.987696
875,1.987696
876,1.987696
877,1.987696
878,1.987427
879,1.986924
880,1.986797
881,1.986517
882,1.985667
883,1.985635
884,1.985635
885,1.985314
886,1.984163
887,1.984163
888,1.983816
889,1.983816
890,1.983816
891,1.983612
892,1.983612
893,1.983331
894,1.983331
895,1.982762
896,1.982262
897,1.982262
898,1.982262
899,1.982262
900,1.981816
901,1.981816
902,1.981167
903,1.980982
904,1.980528
905,1.979919
906,1.979919
907,1.979394
908,1.979394
909,1.979350
910,1.979350
911,1.978444
912,1.978444
913,1.978444
914,1.978385
915,1.978385
916,1.978385
917,1.978366
918,1.978366
919,1.978232
920,1.978232
921,1.978151
922,1.976828
923,1.976130
924,1.974826
925,1.974074
926,1.974074
927,1.973586
928,1.973175
929,1.973175
930,1.973079
931,1.973079
932,1.972920
933,1.972920
934,1.972920
935,1.972811
936,1.972811
937,1.971451
938,1.971036
939,1.970736
940,1.970736
941,1.970736
942,1.970736
943,1.970736
944,1.970736
945,1.970512
946,1.970512
947,1.970512
948,1.970512
949,1.969940
950,1.969940
951,1.969930
952,1.969569
953,1.969554
954,1.969554
955,1.969134
956,1.969134
957,1.968326
958,1.967965
959,1.967965
960,1.967965
961,1.967811
962,1.967638
963,1.967638
964,1.967408
965,1.967408
966,1.967141
967,1.967003
968,1.967003
969,1.966614
970,1.965471
971,1.964615
972,1.964576
973,1.964576
974,1.963647
975,1.963046
976,1.963046
977,1.963046
978,1.962860
979,1.962360
980,1.962360
981,1.961556
982,1.960965
983,1.960789
984,1.960789
985,1.960789
986,1.960218
987,1.960218
988,1.960218
989,1.960218
990,1.959637
991,1.959637
992,1.959110
993,1.959110
994,1.959110
995,1.959110
996,1.959110
997,1.959110
998,1.959110
999,1.959110
1000,1.959110
1001,1.959110
1002,1.959110
1003,1.959110
1004,1.959110
1005,1.958999
1006,1.958284
1007,1.958284
1008,1.958284
1009,1.958284
1010,1.957495
1011,1.957306
1012,1.956235
1013,1.956117
1014,1.956117
1015,1.956117
1016,1.956117
1017,1.955507
1018,1.955032
1019,1.954719
1020,1.954397
1021,1.954397
1022,1.954397
1023,1.954397
1024,1.954003
1025,1.954003
1026,1.954003
1027,1.953783
1028,1.953783
1029,1.953783
1030,1.953783
1031,1.953769
1032,1.953769
1033,1.953616
1034,1.952332
1035,1.952332
1036,1.952332
1037,1.952304
1038,1.951589
1039,1.951589
1040,1.951589
1041,1.951589
1042,1.951330
1043,1.950774
1044,1.950650
1045,1.950650
1046,1.949943
1047,1.949236
1048,1.949236
1049,1.949236
1050,1.949236
1051,1.949236
1052,1.948766
1053,1.948766
1054,1.948766
1055,1.948766
1056,1.948535
1057,1.947392
1058,1.947392
1059,1.947392
1060,1.946276
1061,1.945768
1062,1.945768
1063,1.945768
1064,1.944174
1065,1.944174
1066,1.944174
1067,1.944174
1068,1.944174
1069,1.944174
1070,1.943951
1071,1.943575
1072,1.943172
1073,1.942359
1074,1.941662
1075,1.941662
1076,1.941662
1077,1.940963
1078,1.940963
1079,1.940963
1080,1.940963
1081,1.940963
1082,1.940530
1083,1.940530
1084,1.940530
1085,1.940396
1086,1.940396
1087,1.940193
1088,1.940193
1089,1.939738
1090,1.939738
1091,1.939738
1092,1.939627
1093,1.939627
1094,1.938468
1095,1.938468
1096,1.938468
1097,1.938147
1098,1.938147
1099,1.938147
1100,1.937922
1101,1.937917
1102,1.937917
1103,1.937083
1104,1.937083
1105,1.936527
1106,1.936060
1107,1.935448
1108,1.935339
1109,1.935297
1110,1.935297
1111,1.935297
1112,1.934658
1113,1.934658
1114,1.934365
1115,1.934365
1116,1.934365
1117,1.934365
1118,1.934365
1119,1.934365
1120,1.934243
1121,1.934152
1122,1.933995
1123,1.933398
1124,1.933323
1125,1.932847
1126,1.932847
1127,1.932847
1128,1.932318
1129,1.932318
1130,1.932318
1131,1.932318
1132,1.932318
1133,1.931774
1134,1.931774
1135,1.931774
1136,1.931774
1137,1.931283
1138,1.931283
1139,1.931075
1140,1.930186
1141,1.930152
1142,1.930110
1143,1.930110
1144,1.930110
1145,1.930110
1146,1.930110
1147,1.930110
1148,1.929632
1149,1.929632
1150,1.929526
1151,1.928444
1152,1.928444
1153,1.928250
1154,1.928013
1155,1.927200
1156,1.926597
1157,1.926597
1158,1.926597
1159,1.926151
1160,1.925334
1161,1.925334
1162,1.924965
1163,1.924884
1164,1.924862
1165,1.924862
1166,1.924862
1167,1.924725
1168,1.924358
1169,1.924358
1170,1.923879
1171,1.923879
1172,1.923527
1173,1.923527
1174,1.923527
1175,1.921886
1176,1.921886
1177,1.921767
1178,1.921767
1179,1.921653
1180,1.920915
1181,1.920836
1182,1.920309
1183,1.919960
1184,1.919619
1185,1.919133
1186,1.919064
1187,1.919064
1188,1.919000
1189,1.919000
1190,1.918661
1191,1.918022
1192,1.917343
1193,1.917343
1194,1.917343
1195,1.917229
1196,1.917229
1197,1.917190
1198,1.916635
1199,1.916467
1200,1.916065
1201,1.916065
1202,1.916065
1203,1.915665
1204,1.915596
1205,1.915596
1206,1.915596
1207,1.915560
1208,1.915560
1209,1.915439
1210,1.915439
1211,1.915439
1212,1.914358
1213,1.914063
1214,1.914063
1215,1.913870
1216,1.913870
1217,1.913870
1218,1.913870
1219,1.913296
1220,1.913265
1221,1.912801
1222,1.912801
1223,1.912114
1224,1.912114
1225,1.911018
1226,1.911018
1227,1.911018
1228,1.910435
1229,1.910288
1230,1.909676
1231,1.909676
1232,1.909031
1233,1.908253
1234,1.908175
1235,1.907690
1236,1.907690
1237,1.906895
1238,1.906895
1239,1.906895
1240,1.906406
1241,1.906406
1242,1.906270
1243,1.906270
1244,1.906119
1245,1.905560
1246,1.905560
1247,1.905560
1248,1.905441
1249,1.905441
1250,1.905441
1251,1.905033
1252,1.904525
1253,1.904525
1254,1.903996
1255,1.903996
1256,1.903996
1257,1.903996
1258,1.903996
1259,1.903746
1260,1.903746
1261,1.903746
1262,1.903746
1263,1.903741
1264,1.903570
1265,1.902519
1266,1.902519
1267,1.902483
1268,1.902260
1269,1.902260
1270,1.902260
1271,1.901842
1272,1.901307
1273,1.901107
1274,1.900889
1275,1.900889
1276,1.900889
1277,1.900753
1278,1.900191
1279,1.899862
1280,1.899542
1281,1.899120
1282,1.898165
1283,1.898165
1284,1.897806
1285,1.896962
1286,1.896730
1287,1.896730
1288,1.896667
1289,1.896667
1290,1.896639
1291,1.896639
1292,1.896639
1293,1.896639
1294,1.896078
1295,1.895521
1296,1.895372
1297,1.894919
1298,1.894919
1299,1.894919
1300,1.894919
1301,1.894919
1302,1.894919
1303,1.894919
1304,1.894142
1305,1.894142
1306,1.894142
1307,1.894142
1308,1.894137
1309,1.894073
1310,1.894073
1311,1.894073
1312,1.893644
1313,1.893539
1314,1.893539
1315,1.893539
1316,1.893539
1317,1.892975
1318,1.892874
1319,1.892679
1320,1.892629
1321,1.892320
1322,1.891885
1323,1.891734
1324,1.891734
1325,1.891734
1326,1.891734
1327,1.891576
1328,1.891358
1329,1.891358
1330,1.891257
1331,1.891257
1332,1.891164
1333,1.891032
1334,1.890995
1335,1.890995
1336,1.890790
1337,1.890790
1338,1.890617
1339,1.890142
1340,1.890111
1341,1.890111
1342,1.890111
1343,1.890027
1344,1.890027
1345,1.889998
1346,1.889998
1347,1.889439
1348,1.889439
1349,1.889439
1350,1.889439
1351,1.889439
1352,1.889439
1353,1.889343
1354,1.889343
1355,1.889343
1356,1.889343
1357,1.889039
1358,1.889039
1359,1.889039
1360,1.889039
1361,1.888851
1362,1.888346
1363,1.888346
1364,1.888346
1365,1.888346
1366,1.888346
1367,1.888266
1368,1.888263
1369,1.888127
1370,1.887588
1371,1.887588
1372,1.886777
1373,1.886526
1374,1.886526
1375,1.886526
1376,1.886505
1377,1.886480
1378,1.885865
1379,1.885635
1380,1.885635
1381,1.885143
1382,1.885143
1383,1.885143
1384,1.884294
1385,1.883723
1386,1.883364
1387,1.883364
1388,1.883144
1389,1.883144
1390,1.883144
1391,1.883144
1392,1.883144
1393,1.882622
1394,1.882389
1395,1.882114
1396,1.882114
1397,1.881445
1398,1.881445
1399,1.881316
1400,1.881316
1401,1.881316
1402,1.881200
1403,1.881200
1404,1.881200
1405,1.880773
1406,1.880773
1407,1.880773
1408,1.880629
1409,1.880629
1410,1.880629
1411,1.880629
1412,1.880629
1413,1.880629
1414,1.880110
1415,1.880110
1416,1.879784
1417,1.879291
1418,1.879256
1419,1.878972
1420,1.878972
1421,1.878972
1422,1.877818
1423,1.877818
1424,1.877778
1425,1.877778
1426,1.877778
1427,1.877308
1428,1.877308
1429,1.877077
1430,1.877077
1431,1.877077
1432,1.877077
1433,1.877077
1434,1.877077
1435,1.876919
1436,1.876768
1437,1.876240
1438,1.875782
1439,1.874408
1440,1.873835
1441,1.873017
1442,1.873017
1443,1.872164
1444,1.871960
1445,1.871330
1446,1.871330
1447,1.871330
1448,1.870537
1449,1.870537
1450,1.870537
1451,1.870463
1452,1.869853
1453,1.869853
1454,1.869739
1455,1.869739
1456,1.869739
1457,1.869082
1458,1.869082
1459,1.869082
1460,1.869082
1461,1.869082
1462,1.868362
1463,1.868362
1464,1.868151
1465,1.867899
1466,1.867899
1467,1.867689
1468,1.867488
1469,1.867488
1470,1.867488
1471,1.867474
1472,1.867474
1473,1.866915
1474,1.866915
1475,1.866915
1476,1.866187
1477,1.866187
1478,1.866187
1479,1.866187
1480,1.866187
1481,1.865777
1482,1.865777
1483,1.865777
1484,1.865777
1485,1.865656
1486,1.865656
1487,1.865324
1488,1.865324
1489,1.865324
1490,1.865111
1491,1.865111
1492,1.865111
1493,1.865111
1494,1.864733
1495,1.864733
1496,1.864733
1497,1.864733
1498,1.864733
1499,1.864293
1500,1.864293
1501,1.864293
1502,1.864293
1503,1.864008
1504,1.863850
1505,1.863129
1506,1.863129
1507,1.863129
1508,1.863129
1509,1.862868
1510,1.862407
1511,1.861580
1512,1.861580
1513,1.861450
1514,1.861450
1515,1.861450
1516,1.861370
1517,1.861236
1518,1.860526
1519,1.860324
1520,1.860324
1521,1.860324
1522,1.858995
1523,1.858995
1524,1.858995
1525,1.858995
1526,1.858827
1527,1.858696
1528,1.858448
1529,1.858448
1530,1.858448
1531,1.858448
1532,1.858349
1533,1.858349
1534,1.858349
1535,1.857990
1536,1.857371
1537,1.857371
1538,1.857363
1539,1.856687
1540,1.856687
1541,1.856687
1542,1.856114
1543,1.855815
1544,1.855358
1545,1.854865
1546,1.854643
1547,1.854643
1548,1.854643
1549,1.854643
1550,1.854643
1551,1.854643
1552,1.854076
1553,1.854076
1554,1.854076
1555,1.854076
1556,1.854076
1557,1.854076
1558,1.854076
1559,1.853987
1560,1.853598
1561,1.853598
1562,1.853598
1563,1.853598
1564,1.853598
1565,1.853598
1566,1.853598
1567,1.853344
1568,1.853344
1569,1.853344
1570,1.853344
1571,1.853344
1572,1.852858
1573,1.852858
1574,1.852666
1575,1.852193
1576,1.852137
1577,1.852137
1578,1.851627
1579,1.851584
1580,1.851584
1581,1.851584
1582,1.851584
1583,1.850832
1584,1.850784
1585,1.850784
1586,1.850782
1587,1.850782
1588,1.850526
1589,1.850526
1590,1.850526
1591,1.850404
1592,1.849928
1593,1.849928
1594,1.849844
1595,1.849216
1596,1.848750
1597,1.848750
1598,1.848750
1599,1.848750
1600,1.848750
1601,1.848750
1602,1.848750
1603,1.848743
1604,1.847977
1605,1.847672
1606,1.847123
1607,1.847123
1608,1.846824
1609,1.846824
1610,1.846512
1611,1.845825
1612,1.845564
1613,1.845071
1614,1.845071
1615,1.845071
1616,1.845071
1617,1.844807
1618,1.844807
1619,1.844257
1620,1.844241
1621,1.843785
1622,1.843326
1623,1.843220
1624,1.842658
1625,1.842519
1626,1.841857
1627,1.841857
1628,1.841857
1629,1.841857
1630,1.841857
1631,1.841857
1632,1.841792
1633,1.841758
1634,1.840698
1635,1.840698
1636,1.840698
1637,1.840698
1638,1.839308
1639,1.839118
1640,1.838812
1641,1.838669
1642,1.838669
1643,1.838669
1644,1.838669
1645,1.838669
1646,1.838669
1647,1.838307
1648,1.837717
1649,1.837717
1650,1.837717
1651,1.837717
1652,1.837717
1653,1.837717
1654,1.836945
1655,1.836945
1656,1.836945
1657,1.836635
1658,1.836244
1659,1.835907
1660,1.835907
1661,1.835837
1662,1.835607
1663,1.834807
1664,1.834541
1665,1.834541
1666,1.834277
1667,1.834149
1668,1.834149
1669,1.834149
1670,1.833763
1671,1.833763
1672,1.833416
1673,1.833202
1674,1.833099
1675,1.832921
1676,1.832921
1677,1.832906
1678,1.832906
1679,1.832906
1680,1.832906
1681,1.832680
1682,1.832680
1683,1.832562
1684,1.832501
1685,1.832407
1686,1.832407
1687,1.832321
1688,1.832321
1689,1.832321
1690,1.832321
1691,1.832321
1692,1.832225
1693,1.831205
1694,1.831205
1695,1.831103
1696,1.831103
1697,1.831103
1698,1.830994
1699,1.830360
1700,1.830360
1701,1.830073
1702,1.830050
1703,1.829872
1704,1.829681
1705,1.829486
1706,1.829285
1707,1.829285
1708,1.829269
1709,1.829269
1710,1.828650
1711,1.828650
1712,1.828650
1713,1.828621
1714,1.828344
1715,1.828192
1716,1.828192
1717,1.828192
1718,1.828134
1719,1.828007
1720,1.828007
1721,1.827340
1722,1.827340
1723,1.827340
1724,1.827340
1725,1.827279
1726,1.827279
1727,1.827190
1728,1.827190
1729,1.827190
1730,1.827190
1731,1.827190
1732,1.826752
1733,1.826585
1734,1.826585
1735,1.826585
1736,1.826585
1737,1.826585
1738,1.826308
1739,1.826308
1740,1.826308
1741,1.825835
1742,1.825564
1743,1.825053
1744,1.824729
1745,1.824729
1746,1.824323
1747,1.824323
1748,1.823795
1749,1.823403
1750,1.822835
1751,1.822835
1752,1.822835
1753,1.822835
1754,1.822835
1755,1.822835
1756,1.822726
1757,1.822580
1758,1.822580
1759,1.822412
1760,1.822412
1761,1.822412
1762,1.822324
1763,1.822324
1764,1.822226
1765,1.822226
1766,1.821887
1767,1.821230
1768,1.821230
1769,1.821230
1770,1.820374
1771,1.820305
1772,1.820305
1773,1.820305
1774,1.819648
1775,1.819641
1776,1.819131
1777,1.819131
1778,1.818959
1779,1.818959
1780,1.818959
1781,1.818959
1782,1.818959
1783,1.818556
1784,1.818472
1785,1.818315
1786,1.818315
1787,1.818315
1788,1.818315
1789,1.818315
1790,1.818005
1791,1.818005
1792,1.818005
1793,1.817159
1794,1.817159
1795,1.816758
1796,1.816758
1797,1.816509
1798,1.816509
1799,1.816509
1800,1.816509
1801,1.816509
1802,1.816509
1803,1.816509
1804,1.816509
1805,1.816099
1806,1.816099
1807,1.816099
1808,1.816099
1809,1.815457
1810,1.815117
1811,1.815117
1812,1.814954
1813,1.814954
1814,1.814954
1815,1.814954
1816,1.814954
1817,1.814954
1818,1.814954
1819,1.814950
1820,1.814559
1821,1.814306
1822,1.814306
1823,1.814306
1824,1.814306
1825,1.814066
1826,1.814066
1827,1.814066
1828,1.813504
1829,1.813504
1830,1.813504
1831,1.813504
1832,1.813504
1833,1.813338
1834,1.813338
1835,1.813191
1836,1.813018
1837,1.813018
1838,1.812655
1839,1.812655
1840,1.812590
1841,1.812475
1842,1.812475
1843,1.812475
1844,1.812475
1845,1.812475
1846,1.812475
1847,1.812475
1848,1.812475
1849,1.812475
1850,1.812475
1851,1.812473
1852,1.812473
1853,1.812473
1854,1.812473
1855,1.812473
1856,1.812473
1857,1.812396
1858,1.811809
1859,1.811743
1860,1.810981
1861,1.810981
1862,1.810847
1863,1.810835
1864,1.810642
1865,1.810642
1866,1.810642
1867,1.810642
1868,1.810451
1869,1.810451
1870,1.810378
1871,1.810378
1872,1.810378
1873,1.810378
1874,1.810369
1875,1.810369
1876,1.810369
1877,1.810369
1878,1.809579
1879,1.809460
1880,1.809062
1881,1.808803
1882,1.808734
1883,1.808449
1884,1.807997
1885,1.807910
1886,1.807525
1887,1.807525
1888,1.807525
1889,1.807525
1890,1.807490
1891,1.807490
1892,1.807343
1893,1.807343
1894,1.806839
1895,1.806644
1896,1.806644
1897,1.806644
1898,1.806644
1899,1.806644
1900,1.805990
1901,1.805990
1902,1.805990
1903,1.805886
1904,1.805886
1905,1.805886
1906,1.805704
1907,1.805704
1908,1.805704
1909,1.805704
1910,1.805704
1911,1.805704
1912,1.805125
1913,1.805125
1914,1.805125
1915,1.804886
1916,1.804886
1917,1.804455
1918,1.804432
1919,1.804191
1920,1.804191
1921,1.803869
1922,1.803788
1923,1.803788
1924,1.803788
1925,1.803788
1926,1.803788
1927,1.803752
1928,1.803258
1929,1.803258
1930,1.803258
1931,1.803258
1932,1.803103
1933,1.803069
1934,1.803069
1935,1.802733
1936,1.802733
1937,1.802733
1938,1.801965
1939,1.801259
1940,1.801049
1941,1.800918
1942,1.800512
1943,1.800512
1944,1.800487
1945,1.800487
1946,1.800487
1947,1.800270
1948,1.800270
1949,1.800270
1950,1.800270
1951,1.800270
1952,1.799731
1953,1.799731
1954,1.798815
1955,1.798773
1956,1.798592
1957,1.798592
1958,1.798592
1959,1.798592
1960,1.797928
1961,1.797928
1962,1.797873
1963,1.797873
1964,1.797873
1965,1.797321
1966,1.797321
1967,1.797321
1968,1.797130
1969,1.797001
1970,1.797001
1971,1.797001
1972,1.797001
1973,1.797001
1974,1.796760
1975,1.796760
1976,1.796468
1977,1.796468
1978,1.795874
1979,1.795242
1980,1.795242
1981,1.795242
1982,1.795242
1983,1.794978
1984,1.794766
1985,1.794766
1986,1.794289
1987,1.794226
1988,1.794190
1989,1.794029
1990,1.794029
1991,1.793855
1992,1.793855
1993,1.793855
1994,1.793436
1995,1.793133
1996,1.793133
1997,1.792711
1998,1.792711
1999,1.792711
2000,1.792478
2001,1.792016
2002,1.791769
2003,1.791560
2004,1.791560
2005,1.791129
2006,1.790976
2007,1.790976
2008,1.790976
2009,1.790836
2010,1.790836
2011,1.790836
2012,1.790836
2013,1.790836
2014,1.790836
2015,1.789990
2016,1.789990
2017,1.789990
2018,1.789990
2019,1.789755
2020,1.789755
2021,1.789755
2022,1.789755
2023,1.789633
2024,1.789633
2025,1.789352
2026,1.788872
2027,1.788872
2028,1.788488
2029,1.788488
2030,1.788488
2031,1.788488
2032,1.787803
2033,1.787803
2034,1.787803
2035,1.787803
2036,1.787718
2037,1.787718
2038,1.787718
2039,1.787702
2040,1.787654
2041,1.787654
2042,1.787649
2043,1.787562
2044,1.787217
2045,1.787124
2046,1.787124
2047,1.786300
2048,1.786300
2049,1.786273
2050,1.785887
2051,1.785887
2052,1.785887
2053,1.785887
2054,1.785887
2055,1.785887
2056,1.785745
2057,1.785685
2058,1.785685
2059,1.785685
2060,1.785399
2061,1.785399
2062,1.785364
2063,1.785364
2064,1.785364
2065,1.784783
2066,1.784783
2067,1.784523
2068,1.784438
2069,1.784236
2070,1.783794
2071,1.783794
2072,1.783794
2073,1.783794
2074,1.783793
2075,1.783706
2076,1.783604
2077,1.783604
2078,1.783604
2079,1.783225
2080,1.782734
2081,1.782322
2082,1.782322
2083,1.782322
2084,1.782322
2085,1.782322
2086,1.782322
2087,1.782322
2088,1.782289
2089,1.782284
2090,1.782284
2091,1.782284
2092,1.782284
2093,1.782013
2094,1.782013
2095,1.781978
2096,1.781803
2097,1.781803
2098,1.781195
2099,1.781195
2100,1.781195
2101,1.781195
2102,1.780586
2103,1.780586
2104,1.780484
2105,1.780440
2106,1.780110
2107,1.780110
2108,1.779928
2109,1.779697
2110,1.779110
2111,1.779110
2112,1.779110
2113,1.778867
2114,1.778867
2115,1.778728
2116,1.778728
2117,1.778728
2118,1.778728
2119,1.778470
2120,1.778470
2121,1.778420
2122,1.778420
2123,1.778420
2124,1.778420
2125,1.778420
2126,1.778384
2127,1.778384
2128,1.778384
2129,1.778384
2130,1.778384
2131,1.778384
2132,1.778384
2133,1.778384
2134,1.778060
2135,1.777673
2136,1.777673
2137,1.777673
2138,1.777673
2139,1.777673
2140,1.777624
2141,1.777624
2142,1.777624
2143,1.777624
2144,1.777624
2145,1.777624
2146,1.777549
2147,1.777549
2148,1.777336
2149,1.777336
2150,1.776923
2151,1.776577
2152,1.776577
2153,1.776577
2154,1.776577
2155,1.776143
2156,1.776143
2157,1.775799
2158,1.775799
2159,1.775799
2160,1.775799
2161,1.775799
2162,1.775799
2163,1.775799
2164,1.775799
2165,1.775468
2166,1.775468
2167,1.775107
2168,1.774633
2169,1.774633
2170,1.774633
2171,1.774633
2172,1.774633
2173,1.774009
2174,1.774008
2175,1.773773
2176,1.773488
2177,1.773488
2178,1.773207
2179,1.773207
2180,1.773061
2181,1.773061
2182,1.773015
2183,1.772788
2184,1.772788
2185,1.772788
2186,1.772788
2187,1.772512
2188,1.772512
2189,1.772235
2190,1.772235
2191,1.772017
2192,1.771572
2193,1.771567
2194,1.771567
2195,1.771567
2196,1.771567
2197,1.771256
2198,1.770229
2199,1.770229
2200,1.769721
2201,1.769688
2202,1.769482
2203,1.769482
2204,1.769482
2205,1.768974
2206,1.768974
2207,1.768974
2208,1.768974
2209,1.768574
2210,1.768574
2211,1.768041
2212,1.768041
2213,1.767657
2214,1.767605
2215,1.767605
2216,1.767494
2217,1.766580
2218,1.766342
2219,1.765927
2220,1.765687
2221,1.765377
2222,1.765377
2223,1.765377
2224,1.765377
2225,1.765377
2226,1.765377
2227,1.765377
2228,1.765377
2229,1.765377
2230,1.765377
2231,1.765377
2232,1.765377
2233,1.764984
2234,1.764984
2235,1.764984
2236,1.764984
2237,1.764853
2238,1.764853
2239,1.764853
2240,1.764853
2241,1.764848
2242,1.764848
2243,1.764848
2244,1.764848
2245,1.764848
2246,1.764848
2247,1.764449
2248,1.764401
2249,1.764309
2250,1.763703
2251,1.763660
2252,1.763660
2253,1.763660
2254,1.763632
2255,1.763597
2256,1.763597
2257,1.763597
2258,1.763597
2259,1.763348
2260,1.763119
2261,1.763119
2262,1.762913
2263,1.762913
2264,1.762913
2265,1.762375
2266,1.762287
2267,1.762253
2268,1.762253
2269,1.761656
2270,1.761656
2271,1.761554
2272,1.761106
2273,1.760653
2274,1.760653
2275,1.760616
2276,1.760616
2277,1.760616
2278,1.760616
2279,1.760248
2280,1.760152
2281,1.759948
2282,1.759573
2283,1.759573
2284,1.759573
2285,1.759380
2286,1.759163
2287,1.759163
2288,1.758863
2289,1.758834
2290,1.758834
2291,1.758548
2292,1.758548
2293,1.758226
2294,1.758226
2295,1.758103
2296,1.757933
2297,1.757803
2298,1.757803
2299,1.757570
2300,1.757521
2301,1.757521
2302,1.757203
2303,1.756994
2304,1.756910
2305,1.756658
2306,1.756658
2307,1.756389
2308,1.756389
2309,1.756363
2310,1.756363
2311,1.755706
2312,1.755706
2313,1.755706
2314,1.755706
2315,1.755692
2316,1.755642
2317,1.755642
2318,1.755642
2319,1.755097
2320,1.754715
2321,1.754715
2322,1.754576
2323,1.753900
2324,1.753900
2325,1.753900
2326,1.753813
2327,1.753336
2328,1.753336
2329,1.753320
2330,1.753320
2331,1.752891
2332,1.752891
2333,1.752877
2334,1.752877
2335,1.752877
2336,1.752877
2337,1.752877
2338,1.752877
2339,1.752175
2340,1.752175
2341,1.752175
2342,1.751781
2343,1.751655
2344,1.751655
2345,1.751655
2346,1.751655
2347,1.751655
2348,1.751655
2349,1.751519
2350,1.751519
2351,1.751519
2352,1.751431
2353,1.751258
2354,1.751166
2355,1.751166
2356,1.751064
2357,1.751064
2358,1.751064
2359,1.751006
2360,1.751006
2361,1.751006
2362,1.751006
2363,1.751006
2364,1.750804
2365,1.750804
2366,1.750445
2367,1.750147
2368,1.750147
2369,1.750147
2370,1.750147
2371,1.749490
2372,1.749456
2373,1.749456
2374,1.749287
2375,1.749287
2376,1.748723
2377,1.748536
2378,1.748230
2379,1.748224
2380,1.748224
2381,1.748224
2382,1.748224
2383,1.748111
2384,1.748105
2385,1.748105
2386,1.748105
2387,1.747972
2388,1.747972
2389,1.747853
2390,1.747742
2391,1.747742
2392,1.747365
2393,1.747365
2394,1.747365
2395,1.747365
2396,1.747365
2397,1.747101
2398,1.747101
2399,1.747064
2400,1.747064
2401,1.746878
2402,1.746878
2403,1.746878
2404,1.746878
2405,1.746569
2406,1.746569
2407,1.746479
2408,1.746479
2409,1.746125
2410,1.745798
2411,1.745798
2412,1.745488
2413,1.745488
2414,1.744869
2415,1.744869
2416,1.744628
2417,1.744628
2418,1.744573
2419,1.744465
2420,1.744465
2421,1.744070
2422,1.743791
2423,1.743475
2424,1.743475
2425,1.743475
2426,1.743475
2427,1.743411
2428,1.743411
2429,1.743067
2430,1.743067
2431,1.743033
2432,1.743033
2433,1.743033
2434,1.742930
2435,1.742930
2436,1.742930
2437,1.742930
2438,1.742930
2439,1.742862
2440,1.742862
2441,1.742764
2442,1.742764
2443,1.742681
2444,1.742535
2445,1.742535
2446,1.741991
2447,1.741991
2448,1.741893
2449,1.741893
2450,1.741815
2451,1.741646
2452,1.741568
2453,1.741240
2454,1.741240
2455,1.740974
2456,1.740974
2457,1.740881
2458,1.740662
2459,1.740374
2460,1.740374
2461,1.740014
2462,1.739874
2463,1.739774
2464,1.739761
2465,1.739761
2466,1.739761
2467,1.739702
2468,1.739702
2469,1.739472
2470,1.739246
2471,1.739164
2472,1.739164
2473,1.739164
2474,1.739164
2475,1.739164
2476,1.739164
2477,1.739164
2478,1.738984
2479,1.738984
2480,1.738984
2481,1.738848
2482,1.738848
2483,1.738763
2484,1.738763
2485,1.738717
2486,1.738518
2487,1.738518
2488,1.738518
2489,1.738303
2490,1.738303
2491,1.737945
2492,1.737945
2493,1.737945
2494,1.737945
2495,1.737328
2496,1.737328
2497,1.737328
2498,1.737301
2499,1.737301
2500,1.737143
2501,1.736864
2502,1.736794
2503,1.736736
2504,1.736736
2505,1.736736
2506,1.736736
2507,1.736736
2508,1.736488
2509,1.736488
2510,1.735634
2511,1.735634
2512,1.735634
2513,1.735634
2514,1.735634
2515,1.735634
2516,1.735569
2517,1.735569
2518,1.735271
2519,1.735184
2520,1.734965
2521,1.734676
2522,1.734676
2523,1.734676
2524,1.734656
2525,1.734656
2526,1.734629
2527,1.734144
2528,1.734144
2529,1.734144
2530,1.733540
2531,1.733540
2532,1.733540
2533,1.733132
2534,1.732963
2535,1.732611
2536,1.732611
2537,1.732611
2538,1.732564
2539,1.732564
2540,1.732564
2541,1.732564
2542,1.732199
2543,1.732195
2544,1.732195
2545,1.732185
2546,1.732185
2547,1.732185
2548,1.732185
2549,1.732115
2550,1.732115
2551,1.732115
2552,1.732115
2553,1.732115
2554,1.732115
2555,1.732115
2556,1.732075
2557,1.732075
2558,1.732015
2559,1.731831
2560,1.731831
2561,1.731810
2562,1.731440
2563,1.731440
2564,1.731054
2565,1.730931
2566,1.730807
2567,1.730415
2568,1.730380
2569,1.730380
2570,1.730380
2571,1.730307
2572,1.730307
2573,1.730122
2574,1.730122
2575,1.730122
2576,1.730122
2577,1.730122
2578,1.730026
2579,1.730026
2580,1.730026
2581,1.730026
2582,1.730026
2583,1.729822
2584,1.729822
2585,1.729822
2586,1.729782
2587,1.729782
2588,1.729650
2589,1.729650
2590,1.729566
2591,1.729566
2592,1.729566
2593,1.729566
2594,1.729566
2595,1.729566
2596,1.729566
2597,1.729318
2598,1.729318
2599,1.729168
2600,1.729158
2601,1.728751
2602,1.728751
2603,1.728702
2604,1.728702
2605,1.728702
2606,1.728617
2607,1.728321
2608,1.728318
2609,1.728318
2610,1.727981
2611,1.727965
2612,1.727965
2613,1.727965
2614,1.727965
2615,1.727776
2616,1.727776
2617,1.727776
2618,1.727427
2619,1.727386
2620,1.727386
2621,1.727293
2622,1.727293
2623,1.727293
2624,1.727193
2625,1.727053
2626,1.727053
2627,1.727052
2628,1.727046
2629,1.727046
2630,1.727046
2631,1.727046
2632,1.726945
2633,1.726522
2634,1.726378
2635,1.726331
2636,1.726331
2637,1.726235
2638,1.726235
2639,1.726235
2640,1.726235
2641,1.726235
2642,1.725853
2643,1.725853
2644,1.725853
2645,1.725682
2646,1.725682
2647,1.725360
2648,1.725360
2649,1.725360
2650,1.725360
2651,1.725260
2652,1.724837
2653,1.724793
2654,1.724793
2655,1.724585
2656,1.724585
2657,1.724512
2658,1.724351
2659,1.723970
2660,1.723970
2661,1.723970
2662,1.723970
2663,1.723970
2664,1.723850
2665,1.723346
2666,1.723340
2667,1.723340
2668,1.723340
2669,1.723340
2670,1.723290
2671,1.723237
2672,1.722877
2673,1.722877
2674,1.722877
2675,1.722877
2676,1.722877
2677,1.722877
2678,1.722877
2679,1.722877
2680,1.722864
2681,1.722864
2682,1.722435
2683,1.722435
2684,1.722435
2685,1.722435
2686,1.722435
2687,1.722435
2688,1.722435
2689,1.722435
2690,1.722419
2691,1.721908
2692,1.721850
2693,1.721850
2694,1.721850
2695,1.721769
2696,1.721769
2697,1.721664
2698,1.721664
2699,1.721664
2700,1.721664
2701,1.721664
2702,1.721590
2703,1.721327
2704,1.721327
2705,1.721069
2706,1.720741
2707,1.720047
2708,1.719950
2709,1.719950
2710,1.719950
2711,1.719778
2712,1.719778
2713,1.719502
2714,1.719502
2715,1.719502
2716,1.719502
2717,1.719502
2718,1.719383
2719,1.719383
2720,1.719383
2721,1.719334
2722,1.718905
2723,1.718882
2724,1.718882
2725,1.718882
2726,1.718823
2727,1.718822
2728,1.718822
2729,1.718822
2730,1.718735
2731,1.718481
2732,1.718481
2733,1.718435
2734,1.718295
2735,1.717946
2736,1.717946
2737,1.717893
2738,1.717850
2739,1.717850
2740,1.717497
2741,1.717410
2742,1.717410
2743,1.717410
2744,1.717410
2745,1.717386
2746,1.717264
2747,1.717264
2748,1.717045
2749,1.717045
2750,1.716726
2751,1.716715
2752,1.716715
2753,1.716715
2754,1.716476
2755,1.716476
2756,1.716476
2757,1.716476
2758,1.716410
2759,1.716410
2760,1.716410
2761,1.715784
2762,1.715784
2763,1.715196
2764,1.715196
2765,1.715196
2766,1.714761
2767,1.714541
2768,1.714541
2769,1.714289
2770,1.714289
2771,1.714289
2772,1.714289
2773,1.713997
2774,1.713997
2775,1.713883
2776,1.713883
2777,1.713883
2778,1.713883
2779,1.713827
2780,1.713671
2781,1.713671
2782,1.713561
2783,1.713561
2784,1.713510
2785,1.713510
2786,1.713360
2787,1.713322
2788,1.713261
2789,1.712823
2790,1.712579
2791,1.712486
2792,1.712350
2793,1.712251
2794,1.712220
2795,1.712220
2796,1.711826
2797,1.711826
2798,1.711826
2799,1.711381
2800,1.711374
2801,1.711374
2802,1.711220
2803,1.711209
2804,1.711087
2805,1.710708
2806,1.710371
2807,1.710190
2808,1.710190
2809,1.710190
2810,1.710190
2811,1.710190
2812,1.710190
2813,1.710190
2814,1.710190
2815,1.710190
2816,1.709765
2817,1.709531
2818,1.709458
2819,1.709138
2820,1.709138
2821,1.709138
2822,1.709079
2823,1.708838
2824,1.708838
2825,1.708838
2826,1.708838
2827,1.708762
2828,1.708449
2829,1.708449
2830,1.708220
2831,1.708220
2832,1.707876
2833,1.707876
2834,1.707691
2835,1.707061
2836,1.707061
2837,1.707061
2838,1.706910
2839,1.706910
2840,1.706197
2841,1.706197
2842,1.706197
2843,1.706197
2844,1.706197
2845,1.706197
2846,1.706081
2847,1.706081
2848,1.706081
2849,1.706081
2850,1.706081
2851,1.705911
2852,1.705694
2853,1.705694
2854,1.705694
2855,1.705694
2856,1.705453
2857,1.705247
2858,1.705247
2859,1.705247
2860,1.705247
2861,1.705247
2862,1.705247
2863,1.705247
2864,1.705247
2865,1.705247
2866,1.705247
2867,1.705247
2868,1.705247
2869,1.705162
2870,1.705038
2871,1.705038
2872,1.705038
2873,1.705038
2874,1.705038
2875,1.704953
2876,1.704953
2877,1.704953
2878,1.704953
2879,1.704817
2880,1.704817
2881,1.704817
2882,1.704817
2883,1.704817
2884,1.704817
2885,1.704817
2886,1.704600
2887,1.704593
2888,1.704488
2889,1.704488
2890,1.704488
2891,1.704488
2892,1.704488
2893,1.704488
2894,1.704420
2895,1.704420
2896,1.704050
2897,1.704050
2898,1.704029
2899,1.704029
2900,1.703561
2901,1.703561
2902,1.703480
2903,1.703480
2904,1.703092
2905,1.702763
2906,1.702763
2907,1.702407
2908,1.702407
2909,1.702407
2910,1.701939
2911,1.701939
2912,1.701886
2913,1.701886
2914,1.701756
2915,1.701660
2916,1.701660
2917,1.701660
2918,1.701625
2919,1.701625
2920,1.701625
2921,1.701585
2922,1.701207
2923,1.700829
2924,1.700631
2925,1.700351
2926,1.700159
2927,1.700159
2928,1.699785
2929,1.699785
2930,1.699785
2931,1.699342
2932,1.699314
2933,1.699314
2934,1.699230
2935,1.699135
2936,1.699135
2937,1.699135
2938,1.699135
2939,1.698782
2940,1.698782
2941,1.698782
2942,1.698782
2943,1.698736
2944,1.698736
2945,1.698736
2946,1.698736
2947,1.698736
2948,1.698736
2949,1.698668
2950,1.698659
2951,1.698659
2952,1.698659
2953,1.698529
2954,1.698512
2955,1.698240
2956,1.698112
2957,1.698112
2958,1.698112
2959,1.698112
2960,1.698112
2961,1.697851
2962,1.697753
2963,1.697576
2964,1.697448
2965,1.697448
2966,1.697448
2967,1.697126
2968,1.697126
2969,1.697126
2970,1.696823
2971,1.696823
2972,1.696823
2973,1.696823
2974,1.696615
2975,1.696615
2976,1.696370
2977,1.696370
2978,1.696266
2979,1.696266
2980,1.696266
2981,1.696222
2982,1.695915
2983,1.695640
2984,1.695493
2985,1.695493
2986,1.695457
2987,1.695457
2988,1.695205
2989,1.694675
2990,1.694508
2991,1.694483
2992,1.694483
2993,1.694286
2994,1.694286
2995,1.694286
2996,1.694286
2997,1.693733
2998,1.693474
2999,1.693474
3000,1.693474
3001,1.693193
3002,1.693193
3003,1.693193
3004,1.693164
3005,1.693164
3006,1.693164
3007,1.693164
3008,1.693164
3009,1.693131
3010,1.693131
3011,1.693131
3012,1.692797
3013,1.692797
3014,1.692797
3015,1.692683
3016,1.692671
3017,1.692611
3018,1.692611
3019,1.692611
3020,1.692578
3021,1.692578
3022,1.692431
3023,1.692431
3024,1.692394
3025,1.692324
3026,1.692324
3027,1.692324
3028,1.692324
3029,1.692281
3030,1.692281
3031,1.692281
3032,1.692281
3033,1.692172
3034,1.692048
3035,1.691767
3036,1.691699
3037,1.691450
3038,1.691443
3039,1.691443
3040,1.691443
3041,1.691443
3042,1.691247
3043,1.691164
3044,1.691164
3045,1.691164
3046,1.690993
3047,1.690993
3048,1.690989
3049,1.690952
3050,1.690865
3051,1.690865
3052,1.690832
3053,1.690832
3054,1.690661
3055,1.690661
3056,1.690491
3057,1.690477
3058,1.690477
3059,1.690477
3060,1.690477
3061,1.690328
3062,1.690328
3063,1.690328
3064,1.690328
3065,1.690328
3066,1.690328
3067,1.690232
3068,1.690232
3069,1.690154
3070,1.690154
3071,1.690154
3072,1.689728
3073,1.689689
3074,1.689674
3075,1.689241
3076,1.689241
3077,1.689241
3078,1.688905
3079,1.688905
3080,1.688905
3081,1.688905
3082,1.688610
3083,1.688542
3084,1.688542
3085,1.688054
3086,1.688050
3087,1.688050
3088,1.687928
3089,1.687928
3090,1.687928
3091,1.687928
3092,1.687928
3093,1.687928
3094,1.687928
3095,1.687928
3096,1.687685
3097,1.687685
3098,1.687685
3099,1.687685
3100,1.687685
3101,1.687460
3102,1.687141
3103,1.687141
3104,1.687141
3105,1.687141
3106,1.687092
3107,1.687092
3108,1.686849
3109,1.686772
3110,1.686497
3111,1.686269
3112,1.686119
3113,1.686049
3114,1.685642
3115,1.685386
3116,1.685386
3117,1.685386
3118,1.685319
3119,1.685319
3120,1.685319
3121,1.685319
3122,1.685319
3123,1.685319
3124,1.685319
3125,1.685319
3126,1.685319
3127,1.685142
3128,1.684827
3129,1.684713
3130,1.684674
3131,1.684653
3132,1.684653
3133,1.684427
3134,1.684427
3135,1.684427
3136,1.684376
3137,1.684376
3138,1.684376
3139,1.684376
3140,1.684376
3141,1.684340
3142,1.684340
3143,1.684340
3144,1.684340
3145,1.684227
3146,1.684227
3147,1.684144
3148,1.684144
3149,1.683803
3150,1.683803
3151,1.683803
3152,1.683487
3153,1.683483
3154,1.683483
3155,1.683442
3156,1.683442
3157,1.683442
3158,1.683442
3159,1.683356
3160,1.683356
3161,1.683356
3162,1.683356
3163,1.683129
3164,1.682830
3165,1.682830
3166,1.682830
3167,1.682830
3168,1.682830
3169,1.682730
3170,1.682730
3171,1.682728
3172,1.682483
3173,1.682483
3174,1.682483
3175,1.682483
3176,1.682240
3177,1.682240
3178,1.681982
3179,1.681703
3180,1.681606
3181,1.681606
3182,1.681408
3183,1.681408
3184,1.681126
3185,1.681126
3186,1.681126
3187,1.681126
3188,1.681027
3189,1.681027
3190,1.681027
3191,1.680948
3192,1.680665
3193,1.680665
3194,1.680619
3195,1.680619
3196,1.680619
3197,1.680452
3198,1.680393
3199,1.680270
3200,1.679733
3201,1.679572
3202,1.679422
3203,1.679420
3204,1.679146
3205,1.679121
3206,1.679037
3207,1.679037
3208,1.679037
3209,1.679037
3210,1.678780
3211,1.678712
3212,1.678712
3213,1.678712
3214,1.678627
3215,1.678627
3216,1.678627
3217,1.678627
3218,1.678627
3219,1.678627
3220,1.678384
3221,1.678384
3222,1.678384
3223,1.678384
3224,1.678384
3225,1.678384
3226,1.678287
3227,1.678235
3228,1.678020
3229,1.677777
3230,1.677526
3231,1.677431
3232,1.677397
3233,1.677315
3234,1.677315
3235,1.677315
3236,1.677315
3237,1.677315
3238,1.677315
3239,1.677315
3240,1.677011
3241,1.676821
3242,1.676765
3243,1.676582
3244,1.676582
3245,1.676582
3246,1.676582
3247,1.676414
3248,1.676414
3249,1.676277
3250,1.676097
3251,1.675886
3252,1.675886
3253,1.675729
3254,1.675729
3255,1.675649
3256,1.675649
3257,1.675649
3258,1.675592
3259,1.675400
3260,1.675400
3261,1.675400
3262,1.675312
3263,1.675312
3264,1.675312
3265,1.675312
3266,1.675273
3267,1.675273
3268,1.675273
3269,1.675273
3270,1.675273
3271,1.675273
3272,1.675273
3273,1.675267
3274,1.675267
3275,1.675267
3276,1.675182
3277,1.675182
3278,1.675018
3279,1.674947
3280,1.674801
3281,1.674801
3282,1.674683
3283,1.674683
3284,1.674592
3285,1.674592
3286,1.674592
3287,1.674522
3288,1.674272
3289,1.673958
3290,1.673958
3291,1.673883
3292,1.673669
3293,1.673669
3294,1.673669
3295,1.673507
3296,1.673292
3297,1.673292
3298,1.673292
3299,1.673072
3300,1.673072
3301,1.673036
3302,1.673036
3303,1.673036
3304,1.672995
3305,1.672784
3306,1.672784
3307,1.672741
3308,1.672741
3309,1.672546
3310,1.672313
3311,1.672313
3312,1.672241
3313,1.672149
3314,1.672149
3315,1.671839
3316,1.671839
3317,1.671504
3318,1.671394
3319,1.671327
3320,1.671327
3321,1.671043
3322,1.670807
3323,1.670807
3324,1.670807
3325,1.670807
3326,1.670479
3327,1.670479
3328,1.670479
3329,1.670479
3330,1.670311
3331,1.670311
3332,1.670311
3333,1.670251
3334,1.670251
3335,1.670153
3336,1.670123
3337,1.670123
3338,1.670054
3339,1.669830
3340,1.669558
3341,1.669126
3342,1.668877
3343,1.668877
3344,1.668768
3345,1.668768
3346,1.668768
3347,1.668542
3348,1.668542
3349,1.668542
3350,1.668436
3351,1.668307
3352,1.668307
3353,1.668307
3354,1.668307
3355,1.668191
3356,1.668191
3357,1.668191
3358,1.668191
3359,1.668191
3360,1.668191
3361,1.668051
3362,1.668051
3363,1.668020
3364,1.667990
3365,1.667990
3366,1.667990
3367,1.667990
3368,1.667810
3369,1.667682
3370,1.667682
3371,1.667682
3372,1.667667
3373,1.667484
3374,1.667484
3375,1.667430
3376,1.667368
3377,1.667368
3378,1.667368
3379,1.667131
3380,1.667131
3381,1.667131
3382,1.667124
3383,1.666867
3384,1.666867
3385,1.666867
3386,1.666867
3387,1.666523
3388,1.666523
3389,1.666462
3390,1.666442
3391,1.666442
3392,1.666442
3393,1.666442
3394,1.666124
3395,1.666124
3396,1.666124
3397,1.666124
3398,1.665946
3399,1.665946
3400,1.665946
3401,1.665946
3402,1.665746
3403,1.665746
3404,1.665736
3405,1.665665
3406,1.665665
3407,1.665665
3408,1.665560
3409,1.665469
3410,1.665287
3411,1.665287
3412,1.665149
3413,1.665149
3414,1.665149
3415,1.665149
3416,1.665149
3417,1.665149
3418,1.665111
3419,1.664901
3420,1.664734
3421,1.664734
3422,1.664734
3423,1.664397
3424,1.664312
3425,1.664312
3426,1.664015
3427,1.664015
3428,1.663982
3429,1.663874
3430,1.663477
3431,1.663477
3432,1.663342
3433,1.663342
3434,1.663297
3435,1.663281
3436,1.663115
3437,1.663115
3438,1.663046
3439,1.662741
3440,1.662741
3441,1.662741
3442,1.662741
3443,1.662402
3444,1.662206
3445,1.662206
3446,1.662206
3447,1.662181
3448,1.662181
3449,1.662150
3450,1.662150
3451,1.662150
3452,1.662150
3453,1.661895
3454,1.661895
3455,1.661895
3456,1.661793
3457,1.661783
3458,1.661783
3459,1.661768
3460,1.661596
3461,1.661596
3462,1.661596
3463,1.661512
3464,1.661512
3465,1.661393
3466,1.661141
3467,1.661141
3468,1.661141
3469,1.660858
3470,1.660735
3471,1.660724
3472,1.660619
3473,1.660600
3474,1.660600
3475,1.660552
3476,1.660254
3477,1.660254
3478,1.660254
3479,1.660250
3480,1.660250
3481,1.660250
3482,1.660250
3483,1.660155
3484,1.660155
3485,1.660155
3486,1.660155
3487,1.659957
3488,1.659856
3489,1.659763
3490,1.659763
3491,1.659763
3492,1.659763
3493,1.659763
3494,1.659631
3495,1.659473
3496,1.659473
3497,1.659377
3498,1.659377
3499,1.659377
3500,1.659377
3501,1.659184
3502,1.659132
3503,1.659132
3504,1.658617
3505,1.658271
3506,1.658271
3507,1.658271
3508,1.658230
3509,1.658230
3510,1.658121
3511,1.658121
3512,1.658111
3513,1.658111
3514,1.658111
3515,1.658111
3516,1.658111
3517,1.658111
3518,1.658111
3519,1.658074
3520,1.658074
3521,1.658074
3522,1.658074
3523,1.658074
3524,1.657887
3525,1.657577
3526,1.657577
3527,1.657430
3528,1.657422
3529,1.657422
3530,1.657422
3531,1.657422
3532,1.657357
3533,1.657347
3534,1.657347
3535,1.657285
3536,1.657285
3537,1.656983
3538,1.656932
3539,1.656932
3540,1.656932
3541,1.656932
3542,1.656932
3543,1.656750
3544,1.656480
3545,1.656311
3546,1.656311
3547,1.656311
3548,1.656311
3549,1.656311
3550,1.656311
3551,1.656126
3552,1.656003
3553,1.656003
3554,1.655770
3555,1.655770
3556,1.655770
3557,1.655761
3558,1.655598
3559,1.655598
3560,1.655598
3561,1.655598
3562,1.655498
3563,1.655316
3564,1.655289
3565,1.655084
3566,1.654973
3567,1.654973
3568,1.654973
3569,1.654973
3570,1.654973
3571,1.654821
3572,1.654821
3573,1.654522
3574,1.654522
3575,1.654522
3576,1.654390
3577,1.654299
3578,1.654259
3579,1.654259
3580,1.654259
3581,1.653943
3582,1.653943
3583,1.653794
3584,1.653591
3585,1.653591
3586,1.653591
3587,1.653585
3588,1.653448
3589,1.653448
3590,1.653448
3591,1.653294
3592,1.653294
3593,1.653294
3594,1.653227
3595,1.653105
3596,1.653101
3597,1.653101
3598,1.652944
3599,1.652944
3600,1.652944
3601,1.652944
3602,1.652944
3603,1.652777
3604,1.652777
3605,1.652756
3606,1.652370
3607,1.652215
3608,1.652195
3609,1.652195
3610,1.652188
3611,1.652188
3612,1.652172
3613,1.652172
3614,1.651940
3615,1.651755
3616,1.651664
3617,1.651664
3618,1.651664
3619,1.651641
3620,1.651577
3621,1.651577
3622,1.651497
3623,1.651497
3624,1.651113
3625,1.650681
3626,1.650470
3627,1.650470
3628,1.650470
3629,1.650198
3630,1.650112
3631,1.649861
3632,1.649833
3633,1.649649
3634,1.649460
3635,1.649383
3636,1.649053
3637,1.648973
3638,1.648973
3639,1.648973
3640,1.648852
3641,1.648852
3642,1.648690
3643,1.648614
3644,1.648385
3645,1.648385
3646,1.648385
3647,1.648279
3648,1.648105
3649,1.648105
3650,1.648105
3651,1.648105
3652,1.648009
3653,1.647999
3654,1.647896
3655,1.647721
3656,1.647721
3657,1.647575
3658,1.647575
3659,1.647575
3660,1.647575
3661,1.647483
3662,1.647483
3663,1.647461
3664,1.647371
3665,1.647301
3666,1.647301
3667,1.647300
3668,1.646980
3669,1.646880
3670,1.646880
3671,1.646755
3672,1.646420
3673,1.646420
3674,1.646394
3675,1.646278
3676,1.646278
3677,1.646278
3678,1.646278
3679,1.646278
3680,1.646159
3681,1.645806
3682,1.645712
3683,1.645415
3684,1.645415
3685,1.645285
3686,1.645285
3687,1.644906
3688,1.644906
3689,1.644904
3690,1.644723
3691,1.644723
3692,1.644723
3693,1.644723
3694,1.644723
3695,1.644723
3696,1.644723
3697,1.644723
3698,1.644641
3699,1.644289
3700,1.644265
3701,1.643925
3702,1.643924
3703,1.643722
3704,1.643722
3705,1.643722
3706,1.643722
3707,1.643722
3708,1.643532
3709,1.643532
3710,1.643532
3711,1.643532
3712,1.643532
3713,1.643532
3714,1.643532
3715,1.643300
3716,1.643300
3717,1.643268
3718,1.643268
3719,1.643196
3720,1.643196
3721,1.643148
3722,1.643118
3723,1.642894
3724,1.642894
3725,1.642894
3726,1.642894
3727,1.642894
3728,1.642894
3729,1.642894
3730,1.642894
3731,1.642894
3732,1.642819
3733,1.642771
3734,1.642736
3735,1.642644
3736,1.642613
3737,1.642573
3738,1.642573
3739,1.642499
3740,1.642499
3741,1.642499
3742,1.642499
3743,1.642499
3744,1.642339
3745,1.642308
3746,1.642202
3747,1.642202
3748,1.642202
3749,1.642202
3750,1.642202
3751,1.642105
3752,1.642042
3753,1.642042
3754,1.642042
3755,1.641917
3756,1.641917
3757,1.641900
3758,1.641872
3759,1.641796
3760,1.641775
3761,1.641775
3762,1.641588
3763,1.641456
3764,1.641456
3765,1.641217
3766,1.641217
3767,1.641076
3768,1.641057
3769,1.641057
3770,1.641057
3771,1.640962
3772,1.640855
3773,1.640855
3774,1.640855
3775,1.640855
3776,1.640855
3777,1.640855
3778,1.640855
3779,1.640512
3780,1.640512
3781,1.640253
3782,1.640118
3783,1.640118
3784,1.640118
3785,1.640118
3786,1.640118
3787,1.640118
3788,1.640080
3789,1.639963
3790,1.639963
3791,1.639963
3792,1.639963
3793,1.639963
3794,1.639963
3795,1.639963
3796,1.639881
3797,1.639881
3798,1.639794
3799,1.639780
3800,1.639780
3801,1.639780
3802,1.639727
3803,1.639727
3804,1.639559
3805,1.639559
3806,1.639502
3807,1.639341
3808,1.639337
3809,1.639337
3810,1.639337
3811,1.639135
3812,1.639135
3813,1.639135
3814,1.639135
3815,1.639071
3816,1.639071
3817,1.639071
3818,1.638956
3819,1.638848
3820,1.638848
3821,1.638848
3822,1.638402
3823,1.638245
3824,1.638233
3825,1.638233
3826,1.638171
3827,1.638171
3828,1.638100
3829,1.638066
3830,1.637784
3831,1.637784
3832,1.637784
3833,1.637784
3834,1.637705
3835,1.637705
3836,1.637705
3837,1.637591
3838,1.637400
3839,1.637400
3840,1.637400
3841,1.637400
3842,1.637400
3843,1.637400
3844,1.637400
3845,1.637400
3846,1.637400
3847,1.637394
3848,1.637290
3849,1.637290
3850,1.637290
3851,1.637250
3852,1.637250
3853,1.637250
3854,1.637011
3855,1.637011
3856,1.637011
3857,1.637011
3858,1.637011
3859,1.637011
3860,1.636698
3861,1.636698
3862,1.636631
3863,1.636631
3864,1.636616
3865,1.636616
3866,1.636616
3867,1.636616
3868,1.636616
3869,1.636616
3870,1.636416
3871,1.636392
3872,1.636392
3873,1.636246
3874,1.636246
3875,1.635975
3876,1.635833
3877,1.635833
3878,1.635651
3879,1.635651
3880,1.635631
3881,1.635631
3882,1.635631
3883,1.635454
3884,1.635454
3885,1.635303
3886,1.635303
3887,1.635140
3888,1.635140
3889,1.635140
3890,1.635140
3891,1.635000
3892,1.634988
3893,1.634691
3894,1.634691
3895,1.634408
3896,1.634408
3897,1.634258
3898,1.634258
3899,1.634247
3900,1.634055
3901,1.634055
3902,1.634055
3903,1.634055
3904,1.634055
3905,1.634055
3906,1.634055
3907,1.634055
3908,1.633875
3909,1.633875
3910,1.633811
3911,1.633811
3912,1.633811
3913,1.633811
3914,1.633811
3915,1.633687
3916,1.633687
3917,1.633687
3918,1.633567
3919,1.633567
3920,1.633567
3921,1.633567
3922,1.633567
3923,1.633460
3924,1.633406
3925,1.633406
3926,1.633406
3927,1.633406
3928,1.633406
3929,1.633406
3930,1.633377
3931,1.633377
3932,1.633377
3933,1.633267
3934,1.633267
3935,1.633267
3936,1.633016
3937,1.633016
3938,1.633016
3939,1.632865
3940,1.632865
3941,1.632865
3942,1.632814
3943,1.632805
3944,1.632658
3945,1.632509
3946,1.632450
3947,1.632450
3948,1.632450
3949,1.632435
3950,1.632435
3951,1.632435
3952,1.632435
3953,1.632209
3954,1.632209
3955,1.632209
3956,1.632067
3957,1.631971
3958,1.631708
3959,1.631617
3960,1.631617
3961,1.631236
3962,1.631236
3963,1.631207
3964,1.631207
3965,1.631207
3966,1.631207
3967,1.631207
3968,1.631207
3969,1.631112
3970,1.631112
3971,1.631062
3972,1.631062
3973,1.631049
3974,1.631049
3975,1.631049
3976,1.631049
3977,1.630800
3978,1.630800
3979,1.630726
3980,1.630726
3981,1.630428
3982,1.630428
3983,1.630428
3984,1.630428
3985,1.630428
3986,1.630178
3987,1.630086
3988,1.630086
3989,1.629954
3990,1.629781
3991,1.629781
3992,1.629711
3993,1.629508
3994,1.629508
3995,1.629508
3996,1.629508
3997,1.629508
3998,1.629450
3999,1.629260
4000,1.629260
4001,1.629197
4002,1.629161
4003,1.629161
4004,1.629161
4005,1.628971
4006,1.628967
4007,1.628474
4008,1.628474
4009,1.628400
4010,1.628157
4011,1.628157
4012,1.627897
4013,1.627577
4014,1.627577
4015,1.627577
4016,1.627577
4017,1.627577
4018,1.627522
4019,1.627522
4020,1.627522
4021,1.627522
4022,1.627522
4023,1.627522
4024,1.627522
4025,1.627294
4026,1.627284
4027,1.627284
4028,1.627284
4029,1.627284
4030,1.627284
4031,1.627095
4032,1.627095
4033,1.626939
4034,1.626933
4035,1.626933
4036,1.626933
4037,1.626753
4038,1.626607
4039,1.626558
4040,1.626353
4041,1.626340
4042,1.626109
4043,1.626109
4044,1.626109
4045,1.626008
4046,1.626008
4047,1.626008
4048,1.625857
4049,1.625842
4050,1.625641
4051,1.625641
4052,1.625641
4053,1.625573
4054,1.625573
4055,1.625573
4056,1.625498
4057,1.625491
4058,1.625491
4059,1.625435
4060,1.625399
4061,1.625172
4062,1.625007
4063,1.624862
4064,1.624766
4065,1.624766
4066,1.624499
4067,1.624499
4068,1.624146
4069,1.624146
4070,1.624094
4071,1.624094
4072,1.623919
4073,1.623919
4074,1.623919
4075,1.623818
4076,1.623778
4077,1.623778
4078,1.623633
4079,1.623633
4080,1.623633
4081,1.623633
4082,1.623633
4083,1.623629
4084,1.623629
4085,1.623483
4086,1.623373
4087,1.623194
4088,1.623194
4089,1.623115
4090,1.623115
4091,1.622967
4092,1.622967
4093,1.622967
4094,1.622888
4095,1.622888
4096,1.622604
4097,1.622604
4098,1.622604
4099,1.622604
4100,1.622508
4101,1.622508
4102,1.622508
4103,1.622494
4104,1.622494
4105,1.622494
4106,1.622417
4107,1.622157
4108,1.622030
4109,1.622030
4110,1.621778
4111,1.621778
4112,1.621704
4113,1.621704
4114,1.621704
4115,1.621704
4116,1.621418
4117,1.621418
4118,1.621418
4119,1.621290
4120,1.621290
4121,1.621290
4122,1.621290
4123,1.621290
4124,1.621290
4125,1.621290
4126,1.621265
4127,1.621158
4128,1.621158
4129,1.621158
4130,1.621158
4131,1.621013
4132,1.621013
4133,1.620962
4134,1.620885
4135,1.620885
4136,1.620885
4137,1.620885
4138,1.620885
4139,1.620885
4140,1.620885
4141,1.620877
4142,1.620597
4143,1.620472
4144,1.620472
4145,1.620472
4146,1.620472
4147,1.620472
4148,1.620417
4149,1.620417
4150,1.620417
4151,1.620417
4152,1.620417
4153,1.620164
4154,1.620164
4155,1.620164
4156,1.620164
4157,1.620164
4158,1.620080
4159,1.620080
4160,1.620080
4161,1.620048
4162,1.620047
4163,1.619906
4164,1.619906
4165,1.619906
4166,1.619890
4167,1.619889
4168,1.619889
4169,1.619889
4170,1.619889
4171,1.619880
4172,1.619634
4173,1.619544
4174,1.619481
4175,1.619461
4176,1.619461
4177,1.619461
4178,1.619461
4179,1.619412
4180,1.619334
4181,1.619203
4182,1.618997
4183,1.618993
4184,1.618934
4185,1.618889
4186,1.618889
4187,1.618889
4188,1.618381
4189,1.618381
4190,1.618254
4191,1.618128
4192,1.618110
4193,1.618110
4194,1.618110
4195,1.618110
4196,1.617996
4197,1.617996
4198,1.617834
4199,1.617834
4200,1.617731
4201,1.617731
4202,1.617731
4203,1.617731
4204,1.617436
4205,1.617436
4206,1.617436
4207,1.617394
4208,1.617394
4209,1.617382
4210,1.617306
4211,1.617168
4212,1.617168
4213,1.617094
4214,1.617094
4215,1.617043
4216,1.616963
4217,1.616963
4218,1.616941
4219,1.616773
4220,1.616680
4221,1.616570
4222,1.616570
4223,1.616458
4224,1.616106
4225,1.615970
4226,1.615970
4227,1.615970
4228,1.615903
4229,1.615580
4230,1.615580
4231,1.615468
4232,1.615339
4233,1.615234
4234,1.615234
4235,1.615234
4236,1.615108
4237,1.615108
4238,1.614897
4239,1.614897
4240,1.614897
4241,1.614897
4242,1.614784
4243,1.614784
4244,1.614784
4245,1.614600
4246,1.614600
4247,1.614572
4248,1.614352
4249,1.614352
4250,1.614352
4251,1.614352
4252,1.614352
4253,1.614352
4254,1.614352
4255,1.614352
4256,1.614352
4257,1.614269
4258,1.614269
4259,1.614269
4260,1.614269
4261,1.614254
4262,1.614254
4263,1.614254
4264,1.614036
4265,1.613921
4266,1.613834
4267,1.613834
4268,1.613834
4269,1.613771
4270,1.613771
4271,1.613660
4272,1.613660
4273,1.613547
4274,1.613502
4275,1.613502
4276,1.613402
4277,1.613358
4278,1.613358
4279,1.613158
4280,1.613158
4281,1.613158
4282,1.613118
4283,1.612891
4284,1.612885
4285,1.612782
4286,1.612634
4287,1.612634
4288,1.612634
4289,1.612634
4290,1.612634
4291,1.612634
4292,1.612634
4293,1.612634
4294,1.612634
4295,1.612631
4296,1.612631
4297,1.612631
4298,1.612592
4299,1.612592
4300,1.612310
4301,1.612310
4302,1.612310
4303,1.612310
4304,1.612310
4305,1.612310
4306,1.612310
4307,1.612310
4308,1.612210
4309,1.612210
4310,1.612210
4311,1.612040
4312,1.611952
4313,1.611952
4314,1.611858
4315,1.611731
4316,1.611731
4317,1.611731
4318,1.611670
4319,1.611670
4320,1.611592
4321,1.611592
4322,1.611592
4323,1.611592
4324,1.611592
4325,1.611592
4326,1.611426
4327,1.611282
4328,1.610915
4329,1.610915
4330,1.610915
4331,1.610915
4332,1.610915
4333,1.610763
4334,1.610652
4335,1.610652
4336,1.610645
4337,1.610645
4338,1.610595
4339,1.610595
4340,1.610485
4341,1.610485
4342,1.610485
4343,1.610485
4344,1.610360
4345,1.610360
4346,1.610360
4347,1.610329
4348,1.610097
4349,1.610097
4350,1.610097
4351,1.610007
4352,1.609914
4353,1.609842
4354,1.609557
4355,1.609557
4356,1.609372
4357,1.609372
4358,1.609372
4359,1.609230
4360,1.609230
4361,1.609230
4362,1.608991
4363,1.608978
4364,1.608978
4365,1.608947
4366,1.608947
4367,1.608947
4368,1.608947
4369,1.608947
4370,1.608947
4371,1.608517
4372,1.608442
4373,1.608442
4374,1.608185
4375,1.608185
4376,1.608185
4377,1.608185
4378,1.608185
4379,1.608185
4380,1.608167
4381,1.608024
4382,1.608024
4383,1.607991
4384,1.607991
4385,1.607991
4386,1.607820
4387,1.607820
4388,1.607724
4389,1.607724
4390,1.607724
4391,1.607724
4392,1.607724
4393,1.607724
4394,1.607651
4395,1.607651
4396,1.607651
4397,1.607651
4398,1.607533
4399,1.607533
4400,1.607533
4401,1.607513
4402,1.607429
4403,1.607429
4404,1.607429
4405,1.607429
4406,1.607424
4407,1.607313
4408,1.607313
4409,1.607313
4410,1.607313
4411,1.607313
4412,1.607313
4413,1.607091
4414,1.607091
4415,1.607091
4416,1.607091
4417,1.607091
4418,1.607091
4419,1.607091
4420,1.607007
4421,1.606947
4422,1.606947
4423,1.606885
4424,1.606885
4425,1.606806
4426,1.606806
4427,1.606806
4428,1.606806
4429,1.606806
4430,1.606806
4431,1.606806
4432,1.606806
4433,1.606626
4434,1.606626
4435,1.606626
4436,1.606626
4437,1.606626
4438,1.606626
4439,1.606436
4440,1.606297
4441,1.606189
4442,1.606189
4443,1.606007
4444,1.606007
4445,1.605892
4446,1.605823
4447,1.605710
4448,1.605547
4449,1.605232
4450,1.605232
4451,1.605232
4452,1.605232
4453,1.605232
4454,1.605154
4455,1.605146
4456,1.605131
4457,1.605131
4458,1.605106
4459,1.605106
4460,1.605106
4461,1.605106
4462,1.605018
4463,1.605018
4464,1.605018
4465,1.605018
4466,1.604790
4467,1.604790
4468,1.604761
4469,1.604761
4470,1.604699
4471,1.604633
4472,1.604509
4473,1.604509
4474,1.604328
4475,1.604244
4476,1.604103
4477,1.604103
4478,1.604103
4479,1.604103
4480,1.604103
4481,1.604103
4482,1.604097
4483,1.604097
4484,1.603925
4485,1.603883
4486,1.603883
4487,1.603561
4488,1.603561
4489,1.603561
4490,1.603561
4491,1.603505
4492,1.603505
4493,1.603505
4494,1.603505
4495,1.603505
4496,1.603376
4497,1.603376
4498,1.603285
4499,1.603270
4500,1.603270
4501,1.603270
4502,1.603187
4503,1.603187
4504,1.603175
4505,1.603050
4506,1.602707
4507,1.602683
4508,1.602655
4509,1.602646
4510,1.602646
4511,1.602646
4512,1.602646
4513,1.602646
4514,1.602511
4515,1.602511
4516,1.602511
4517,1.602511
4518,1.602511
4519,1.602511
4520,1.602511
4521,1.602504
4522,1.602504
4523,1.602504
4524,1.602492
4525,1.602492
4526,1.602460
4527,1.602331
4528,1.602331
4529,1.602331
4530,1.602201
4531,1.602098
4532,1.602098
4533,1.602098
4534,1.602098
4535,1.602098
4536,1.602098
4537,1.602098
4538,1.602079
4539,1.602079
4540,1.601993
4541,1.601845
4542,1.601845
4543,1.601845
4544,1.601722
4545,1.601560
4546,1.601508
4547,1.601508
4548,1.601508
4549,1.601508
4550,1.601432
4551,1.601432
4552,1.601432
4553,1.601201
4554,1.601177
4555,1.601103
4556,1.600939
4557,1.600939
4558,1.600937
4559,1.600937
4560,1.600937
4561,1.600917
4562,1.600917
4563,1.600761
4564,1.600761
4565,1.600761
4566,1.600744
4567,1.600744
4568,1.600744
4569,1.600524
4570,1.600406
4571,1.600406
4572,1.600090
4573,1.600090
4574,1.599998
4575,1.599998
4576,1.599993
4577,1.599993
4578,1.599993
4579,1.599961
4580,1.599868
4581,1.599662
4582,1.599662
4583,1.599436
4584,1.599324
4585,1.599324
4586,1.599324
4587,1.599324
4588,1.599324
4589,1.599211
4590,1.599211
4591,1.599006
4592,1.599006
4593,1.599006
4594,1.599006
4595,1.599006
4596,1.598972
4597,1.598972
4598,1.598972
4599,1.598972
4600,1.598907
4601,1.598907
4602,1.598788
4603,1.598788
4604,1.598788
4605,1.598788
4606,1.598788
4607,1.598788
4608,1.598788
4609,1.598788
4610,1.598579
4611,1.598499
4612,1.598334
4613,1.598334
4614,1.598118
4615,1.597956
4616,1.597956
4617,1.597956
4618,1.597956
4619,1.597956
4620,1.597956
4621,1.597754
4622,1.597754
4623,1.597654
4624,1.597654
4625,1.597432
4626,1.597432
4627,1.597385
4628,1.597385
4629,1.597095
4630,1.596993
4631,1.596993
4632,1.596954
4633,1.596893
4634,1.596802
4635,1.596802
4636,1.596642
4637,1.596642
4638,1.596635
4639,1.596635
4640,1.596628
4641,1.596628
4642,1.596628
4643,1.596628
4644,1.596570
4645,1.596497
4646,1.596449
4647,1.596338
4648,1.596338
4649,1.596338
4650,1.596338
4651,1.596322
4652,1.596258
4653,1.596233
4654,1.596233
4655,1.596233
4656,1.596233
4657,1.596233
4658,1.595928
4659,1.595892
4660,1.595892
4661,1.595892
4662,1.595864
4663,1.595770
4664,1.595563
4665,1.595563
4666,1.595563
4667,1.595339
4668,1.595279
4669,1.595279
4670,1.595211
4671,1.594895
4672,1.594895
4673,1.594850
4674,1.594850
4675,1.594850
4676,1.594850
4677,1.594845
4678,1.594845
4679,1.594845
4680,1.594845
4681,1.594729
4682,1.594729
4683,1.594710
4684,1.594710
4685,1.594710
4686,1.594645
4687,1.594396
4688,1.594396
4689,1.594311
4690,1.594311
4691,1.594311
4692,1.594285
4693,1.594136
4694,1.594136
4695,1.594136
4696,1.594136
4697,1.594136
4698,1.594082
4699,1.593990
4700,1.593854
4701,1.593854
4702,1.593663
4703,1.593571
4704,1.593431
4705,1.593408
4706,1.593408
4707,1.593408
4708,1.593285
4709,1.593155
4710,1.592940
4711,1.592940
4712,1.592694
4713,1.592694
4714,1.592687
4715,1.592687
4716,1.592643
4717,1.592643
4718,1.592635
4719,1.592635
4720,1.592635
4721,1.592635
4722,1.592623
4723,1.592623
4724,1.592623
4725,1.592623
4726,1.592623
4727,1.592615
4728,1.592615
4729,1.592615
4730,1.592615
4731,1.592402
4732,1.592399
4733,1.592303
4734,1.592303
4735,1.592303
4736,1.592209
4737,1.592209
4738,1.592209
4739,1.592126
4740,1.592121
4741,1.592072
4742,1.592072
4743,1.591964
4744,1.591869
4745,1.591813
4746,1.591813
4747,1.591662
4748,1.591643
4749,1.591559
4750,1.591559
4751,1.591559
4752,1.591438
4753,1.591391
4754,1.591391
4755,1.591391
4756,1.591391
4757,1.591155
4758,1.591155
4759,1.591129
4760,1.591129
4761,1.591129
4762,1.591129
4763,1.591120
4764,1.591120
4765,1.590942
4766,1.590744
4767,1.590744
4768,1.590740
4769,1.590740
4770,1.590730
4771,1.590730
4772,1.590730
4773,1.590714
4774,1.590714
4775,1.590579
4776,1.590579
4777,1.590579
4778,1.590579
4779,1.590579
4780,1.590295
4781,1.590251
4782,1.590251
4783,1.590251
4784,1.590251
4785,1.590251
4786,1.590251
4787,1.590124
4788,1.590124
4789,1.590124
4790,1.590124
4791,1.590124
4792,1.590124
4793,1.589886
4794,1.589809
4795,1.589704
4796,1.589610
4797,1.589583
4798,1.589583
4799,1.589440
4800,1.589440
4801,1.589440
4802,1.589440
4803,1.589440
4804,1.589440
4805,1.589254
4806,1.589149
4807,1.589149
4808,1.589149
4809,1.589078
4810,1.589024
4811,1.588926
4812,1.588926
4813,1.588838
4814,1.588838
4815,1.588718
4816,1.588718
4817,1.588718
4818,1.588707
4819,1.588707
4820,1.588707
4821,1.588661
4822,1.588652
4823,1.588652
4824,1.588652
4825,1.588565
4826,1.588565
4827,1.588565
4828,1.588565
4829,1.588565
4830,1.588410
4831,1.588403
4832,1.588403
4833,1.588403
4834,1.588403
4835,1.588403
4836,1.588357
4837,1.588296
4838,1.588278
4839,1.588095
4840,1.588095
4841,1.588095
4842,1.587984
4843,1.587984
4844,1.587984
4845,1.587984
4846,1.587901
4847,1.587687
4848,1.587640
4849,1.587511
4850,1.587511
4851,1.587498
4852,1.587498
4853,1.587498
4854,1.587498
4855,1.587459
4856,1.587311
4857,1.587311
4858,1.587311
4859,1.587311
4860,1.587246
4861,1.587246
4862,1.587246
4863,1.587194
4864,1.587114
4865,1.587056
4866,1.586891
4867,1.586891
4868,1.586891
4869,1.586891
4870,1.586887
4871,1.586887
4872,1.586887
4873,1.586887
4874,1.586887
4875,1.586817
4876,1.586817
4877,1.586817
4878,1.586817
4879,1.586748
4880,1.586748
4881,1.586748
4882,1.586748
4883,1.586565
4884,1.586565
4885,1.586565
4886,1.586516
4887,1.586516
4888,1.586516
4889,1.586301
4890,1.586280
4891,1.586280
4892,1.586280
4893,1.586280
4894,1.586280
4895,1.586280
4896,1.586233
4897,1.586185
4898,1.586017
4899,1.586017
4900,1.586017
4901,1.586017
4902,1.585808
4903,1.585769
4904,1.585769
4905,1.585769
4906,1.585664
4907,1.585646
4908,1.585646
4909,1.585646
4910,1.585557
4911,1.585557
4912,1.585557
4913,1.585557
4914,1.585232
4915,1.585232
4916,1.585187
4917,1.585187
4918,1.585187
4919,1.585187
4920,1.585179
4921,1.585152
4922,1.585152
4923,1.585152
4924,1.585152
4925,1.585115
4926,1.585115
4927,1.585115
4928,1.585115
4929,1.585115
4930,1.585022
4931,1.585022
4932,1.584862
4933,1.584862
4934,1.584533
4935,1.584533
4936,1.584392
4937,1.584392
4938,1.584392
4939,1.584392
4940,1.584392
4941,1.584139
4942,1.584047
4943,1.583771
4944,1.583771
4945,1.583771
4946,1.583754
4947,1.583754
4948,1.583754
4949,1.583685
4950,1.583685
4951,1.583685
4952,1.583685
4953,1.583685
4954,1.583685
4955,1.583680
4956,1.583680
4957,1.583680
4958,1.583680
4959,1.583662
4960,1.583662
4961,1.583662
4962,1.583645
4963,1.583504
4964,1.583465
4965,1.583465
4966,1.583448
4967,1.583448
4968,1.583448
4969,1.583448
4970,1.583254
4971,1.583254
4972,1.583222
4973,1.583165
4974,1.583165
4975,1.583165
4976,1.583165
4977,1.583102
4978,1.583006
4979,1.583006
4980,1.583006
4981,1.582975
4982,1.582951
4983,1.582951
4984,1.582779
4985,1.582746
4986,1.582746
4987,1.582746
4988,1.582714
4989,1.582714
4990,1.582714
4991,1.582714
4992,1.582487
4993,1.582487
4994,1.582487
4995,1.582412
4996,1.582301
4997,1.582176
4998,1.582176
4999,1.582176
5000,1.582160
5001,1.582160
5002,1.582160
5003,1.582045
5004,1.582045
5005,1.582045
5006,1.582001
5007,1.582001
5008,1.581920
5009,1.581920
5010,1.581920
5011,1.581891
5012,1.581891
5013,1.581891
5014,1.581891
5015,1.581891
5016,1.581761
5017,1.581761
5018,1.581702
5019,1.581586
5020,1.581586
5021,1.581470
5022,1.581470
5023,1.581470
5024,1.581470
5025,1.581470
5026,1.581470
5027,1.581470
5028,1.581465
5029,1.581413
5030,1.581413
5031,1.581413
5032,1.581400
5033,1.581400
5034,1.581400
5035,1.581400
5036,1.581386
5037,1.581386
5038,1.581386
5039,1.581360
5040,1.581273
5041,1.581273
5042,1.581273
5043,1.581259
5044,1.581259
5045,1.581259
5046,1.581112
5047,1.580968
5048,1.580968
5049,1.580919
5050,1.580919
5051,1.580919
5052,1.580919
5053,1.580919
5054,1.580900
5055,1.580873
5056,1.580873
5057,1.580873
5058,1.580711
5059,1.580711
5060,1.580711
5061,1.580583
5062,1.580583
5063,1.580582
5064,1.580582
5065,1.580524
5066,1.580524
5067,1.580524
5068,1.580524
5069,1.580524
5070,1.580524
5071,1.580524
5072,1.580524
5073,1.580524
5074,1.580524
5075,1.580524
5076,1.580524
5077,1.580378
5078,1.580378
5079,1.580378
5080,1.580115
5081,1.580115
5082,1.579998
5083,1.579998
5084,1.579998
5085,1.579998
5086,1.579901
5087,1.579901
5088,1.579901
5089,1.579849
5090,1.579775
5091,1.579705
5092,1.579705
5093,1.579700
5094,1.579700
5095,1.579700
5096,1.579468
5097,1.579468
5098,1.579331
5099,1.579331
5100,1.579242
5101,1.579242
5102,1.579242
5103,1.579242
5104,1.579122
5105,1.579122
5106,1.579059
5107,1.579059
5108,1.579059
5109,1.578846
5110,1.578760
5111,1.578760
5112,1.578760
5113,1.578760
5114,1.578760
5115,1.578760
5116,1.578760
5117,1.578688
5118,1.578688
5119,1.578624
5120,1.578624
5121,1.578624
5122,1.578624
5123,1.578453
5124,1.578426
5125,1.578240
5126,1.578131
5127,1.578131
5128,1.578131
5129,1.578131
5130,1.578131
5131,1.578041
5132,1.578041
5133,1.578009
5134,1.577883
5135,1.577883
5136,1.577876
5137,1.577876
5138,1.577843
5139,1.577806
5140,1.577640
5141,1.577585
5142,1.577454
5143,1.577454
5144,1.577207
5145,1.577207
5146,1.577207
5147,1.577207
5148,1.577204
5149,1.576963
5150,1.576963
5151,1.576955
5152,1.576955
5153,1.576955
5154,1.576955
5155,1.576805
5156,1.576805
5157,1.576805
5158,1.576736
5159,1.576621
5160,1.576516
5161,1.576516
5162,1.576516
5163,1.576484
5164,1.576361
5165,1.576314
5166,1.576314
5167,1.576290
5168,1.576290
5169,1.576290
5170,1.576290
5171,1.576290
5172,1.576277
5173,1.576277
5174,1.576277
5175,1.576277
5176,1.576277
5177,1.576235
5178,1.576213
5179,1.576194
5180,1.576062
5181,1.575911
5182,1.575878
5183,1.575793
5184,1.575793
5185,1.575793
5186,1.575730
5187,1.575625
5188,1.575592
5189,1.575462
5190,1.575231
5191,1.575039
5192,1.574893
5193,1.574893
5194,1.574830
5195,1.574830
5196,1.574830
5197,1.574830
5198,1.574830
5199,1.574733
5200,1.574725
5201,1.574725
5202,1.574725
5203,1.574725
5204,1.574621
5205,1.574621
5206,1.574570
5207,1.574552
5208,1.574548
5209,1.574518
5210,1.574518
5211,1.574518
5212,1.574491
5213,1.574491
5214,1.574491
5215,1.574491
5216,1.574491
5217,1.574491
5218,1.574491
5219,1.574491
5220,1.574491
5221,1.574491
5222,1.574451
5223,1.574446
5224,1.574446
5225,1.574287
5226,1.574287
5227,1.574165
5228,1.574165
5229,1.574165
5230,1.574165
5231,1.574165
5232,1.574165
5233,1.574165
5234,1.574067
5235,1.574058
5236,1.574058
5237,1.573819
5238,1.573819
5239,1.573751
5240,1.573751
5241,1.573530
5242,1.573530
5243,1.573530
5244,1.573530
5245,1.573335
5246,1.573134
5247,1.573099
5248,1.573099
5249,1.573014
5250,1.573014
5251,1.573014
5252,1.572858
5253,1.572858
5254,1.572858
5255,1.572856
5256,1.572856
5257,1.572728
5258,1.572669
5259,1.572595
5260,1.572595
5261,1.572595
5262,1.572373
5263,1.572373
5264,1.572335
5265,1.572332
5266,1.572332
5267,1.572332
5268,1.572332
5269,1.572332
5270,1.572332
5271,1.572184
5272,1.572184
5273,1.572184
5274,1.572184
5275,1.572155
5276,1.572136
5277,1.572136
5278,1.572136
5279,1.572097
5280,1.572051
5281,1.571762
5282,1.571762
5283,1.571653
5284,1.571653
5285,1.571594
5286,1.571589
5287,1.571589
5288,1.571508
5289,1.571480
5290,1.571480
5291,1.571480
5292,1.571480
5293,1.571480
5294,1.571480
5295,1.571424
5296,1.571424
5297,1.571424
5298,1.571424
5299,1.571424
5300,1.571424
5301,1.571424
5302,1.571291
5303,1.571291
5304,1.571289
5305,1.571289
5306,1.571289
5307,1.571289
5308,1.571289
5309,1.571289
5310,1.571212
5311,1.571120
5312,1.571120
5313,1.571120
5314,1.571120
5315,1.571057
5316,1.571057
5317,1.570988
5318,1.570819
5319,1.570745
5320,1.570703
5321,1.570670
5322,1.570670
5323,1.570670
5324,1.570663
5325,1.570623
5326,1.570457
5327,1.570457
5328,1.570457
5329,1.570457
5330,1.570359
5331,1.570359
5332,1.570246
5333,1.570246
5334,1.570236
5335,1.570236
5336,1.570236
5337,1.570236
5338,1.570236
5339,1.570223
5340,1.570223
5341,1.570223
5342,1.570223
5343,1.570223
5344,1.570223
5345,1.570201
5346,1.570201
5347,1.570157
5348,1.570157
5349,1.570157
5350,1.570096
5351,1.570096
5352,1.570096
5353,1.570066
5354,1.570066
5355,1.569836
5356,1.569836
5357,1.569836
5358,1.569820
5359,1.569820
5360,1.569820
5361,1.569820
5362,1.569762
5363,1.569762
5364,1.569649
5365,1.569649
5366,1.569649
5367,1.569649
5368,1.569434
5369,1.569406
5370,1.569337
5371,1.569337
5372,1.569337
5373,1.569337
5374,1.569337
5375,1.569337
5376,1.569337
5377,1.569284
5378,1.569284
5379,1.569284
5380,1.569284
5381,1.569149
5382,1.569149
5383,1.569118
5384,1.569118
5385,1.569118
5386,1.569009
5387,1.569009
5388,1.569009
5389,1.568921
5390,1.568921
5391,1.568792
5392,1.568792
5393,1.568792
5394,1.568684
5395,1.568519
5396,1.568482
5397,1.568482
5398,1.568401
5399,1.568224
5400,1.568224
5401,1.568224
5402,1.568224
5403,1.568224
5404,1.568224
5405,1.568224
5406,1.568224
5407,1.568060
5408,1.568058
5409,1.567896
5410,1.567896
5411,1.567854
5412,1.567854
5413,1.567854
5414,1.567854
5415,1.567852
5416,1.567742
5417,1.567491
5418,1.567491
5419,1.567433
5420,1.567374
5421,1.567291
5422,1.567190
5423,1.567119
5424,1.567119
5425,1.567119
5426,1.567119
5427,1.566956
5428,1.566798
5429,1.566694
5430,1.566651
5431,1.566629
5432,1.566629
5433,1.566615
5434,1.566412
5435,1.566412
5436,1.566032
5437,1.566032
5438,1.566032
5439,1.565982
5440,1.565982
5441,1.565982
5442,1.565982
5443,1.565982
5444,1.565788
5445,1.565788
5446,1.565788
5447,1.565587
5448,1.565560
5449,1.565399
5450,1.565399
5451,1.565356
5452,1.565240
5453,1.565240
5454,1.565240
5455,1.565233
5456,1.565233
5457,1.564999
5458,1.564927
5459,1.564927
5460,1.564927
5461,1.564927
5462,1.564805
5463,1.564805
5464,1.564805
5465,1.564805
5466,1.564805
5467,1.564805
5468,1.564738
5469,1.564738
5470,1.564738
5471,1.564738
5472,1.564635
5473,1.564356
5474,1.564356
5475,1.564356
5476,1.564356
5477,1.564356
5478,1.564356
5479,1.564356
5480,1.564356
5481,1.564261
5482,1.564034
5483,1.564034
5484,1.564034
5485,1.564034
5486,1.564034
5487,1.563954
5488,1.563838
5489,1.563754
5490,1.563754
5491,1.563634
5492,1.563634
5493,1.563634
5494,1.563489
5495,1.563390
5496,1.563263
5497,1.563233
5498,1.563181
5499,1.563138
5500,1.563138
5501,1.563110
5502,1.563037
5503,1.563037
5504,1.562928
5505,1.562928
5506,1.562928
5507,1.562928
5508,1.562928
5509,1.562928
5510,1.562928
5511,1.562886
5512,1.562886
5513,1.562816
5514,1.562816
5515,1.562816
5516,1.562812
5517,1.562812
5518,1.562741
5519,1.562620
5520,1.562620
5521,1.562620
5522,1.562620
5523,1.562620
5524,1.562604
5525,1.562593
5526,1.562593
5527,1.562593
5528,1.562593
5529,1.562593
5530,1.562593
5531,1.562593
5532,1.562593
5533,1.562593
5534,1.562593
5535,1.562593
5536,1.562593
5537,1.562593
5538,1.562593
5539,1.562593
5540,1.562568
5541,1.562568
5542,1.562568
5543,1.562568
5544,1.562568
5545,1.562568
5546,1.562515
5547,1.562515
5548,1.562414
5549,1.562414
5550,1.562363
5551,1.562356
5552,1.562356
5553,1.562160
5554,1.562160
5555,1.562160
5556,1.562160
5557,1.562160
5558,1.562160
5559,1.561963
5560,1.561963
5561,1.561955
5562,1.561955
5563,1.561955
5564,1.561947
5565,1.561947
5566,1.561863
5567,1.561863
5568,1.561863
5569,1.561863
5570,1.561863
5571,1.561863
5572,1.561863
5573,1.561863
5574,1.561863
5575,1.561863
5576,1.561863
5577,1.561857
5578,1.561737
5579,1.561737
5580,1.561737
5581,1.561737
5582,1.561650
5583,1.561650
5584,1.561650
5585,1.561630
5586,1.561630
5587,1.561614
5588,1.561608
5589,1.561608
5590,1.561608
5591,1.561608
5592,1.561608
5593,1.561608
5594,1.561608
5595,1.561608
5596,1.561608
5597,1.561608
5598,1.561608
5599,1.561608
5600,1.561608
5601,1.561608
5602,1.561587
5603,1.561566
5604,1.561524
5605,1.561524
5606,1.561524
5607,1.561348
5608,1.561348
5609,1.561348
5610,1.561348
5611,1.561227
5612,1.561227
5613,1.561227
5614,1.561227
5615,1.561097
5616,1.561097
5617,1.561092
5618,1.561071
5619,1.561071
5620,1.560925
5621,1.560895
5622,1.560893
5623,1.560884
5624,1.560884
5625,1.560730
5626,1.560730
5627,1.560722
5628,1.560635
5629,1.560635
5630,1.560635
5631,1.560635
5632,1.560635
5633,1.560635
5634,1.560635
5635,1.560635
5636,1.560608
5637,1.560608
5638,1.560505
5639,1.560474
5640,1.560168
5641,1.560168
5642,1.560108
5643,1.560108
5644,1.560108
5645,1.560108
5646,1.560108
5647,1.559904
5648,1.559904
5649,1.559776
5650,1.559655
5651,1.559525
5652,1.559525
5653,1.559525
5654,1.559517
5655,1.559396
5656,1.559396
5657,1.559396
5658,1.559396
5659,1.559296
5660,1.559211
5661,1.559211
5662,1.559211
5663,1.559050
5664,1.558859
5665,1.558859
5666,1.558859
5667,1.558726
5668,1.558726
5669,1.558726
5670,1.558726
5671,1.558726
5672,1.558630
5673,1.558630
5674,1.558558
5675,1.558558
5676,1.558558
5677,1.558558
5678,1.558454
5679,1.558454
5680,1.558454
5681,1.558361
5682,1.558299
5683,1.558276
5684,1.558276
5685,1.558184
5686,1.558184
5687,1.558184
5688,1.558140
5689,1.558140
5690,1.558140
5691,1.558032
5692,1.558032
5693,1.557911
5694,1.557911
5695,1.557809
5696,1.557714
5697,1.557714
5698,1.557706
5699,1.557706
5700,1.557706
5701,1.557706
5702,1.557706
5703,1.557706
5704,1.557706
5705,1.557706
5706,1.557678
5707,1.557606
5708,1.557568
5709,1.557568
5710,1.557414
5711,1.557314
5712,1.557314
5713,1.557314
5714,1.557278
5715,1.557278
5716,1.557278
5717,1.557142
5718,1.557139
5719,1.557104
5720,1.557104
5721,1.557104
5722,1.557104
5723,1.557036
5724,1.557036
5725,1.557036
5726,1.557036
5727,1.557036
5728,1.557036
5729,1.557036
5730,1.557036
5731,1.557036
5732,1.556966
5733,1.556927
5734,1.556847
5735,1.556847
5736,1.556847
5737,1.556782
5738,1.556702
5739,1.556702
5740,1.556631
5741,1.556631
5742,1.556605
5743,1.556572
5744,1.556538
5745,1.556538
5746,1.556310
5747,1.556310
5748,1.556310
5749,1.556310
5750,1.556310
5751,1.556310
5752,1.556074
5753,1.556074
5754,1.556074
5755,1.556074
5756,1.556016
5757,1.556008
5758,1.556008
5759,1.555916
5760,1.555868
5761,1.555868
5762,1.555799
5763,1.555661
5764,1.555661
5765,1.555661
5766,1.555661
5767,1.555519
5768,1.555467
5769,1.555377
5770,1.555362
5771,1.555158
5772,1.555052
5773,1.555052
5774,1.554819
5775,1.554809
5776,1.554775
5777,1.554713
5778,1.554660
5779,1.554660
5780,1.554660
5781,1.554660
5782,1.554660
5783,1.554660
5784,1.554660
5785,1.554516
5786,1.554512
5787,1.554416
5788,1.554394
5789,1.554394
5790,1.554293
5791,1.554175
5792,1.554175
5793,1.554175
5794,1.554142
5795,1.554142
5796,1.554142
5797,1.554110
5798,1.553987
5799,1.553987
5800,1.553934
5801,1.553934
5802,1.553917
5803,1.553823
5804,1.553823
5805,1.553823
5806,1.553823
5807,1.553823
5808,1.553823
5809,1.553823
5810,1.553774
5811,1.553690
5812,1.553690
5813,1.553683
5814,1.553683
5815,1.553683
5816,1.553535
5817,1.553535
5818,1.553533
5819,1.553533
5820,1.553533
5821,1.553508
5822,1.553355
5823,1.553355
5824,1.553355
5825,1.553355
5826,1.553355
5827,1.553183
5828,1.553183
5829,1.553183
5830,1.553164
5831,1.553164
5832,1.553100
5833,1.553100
5834,1.553100
5835,1.553005
5836,1.553005
5837,1.553005
5838,1.553005
5839,1.553005
5840,1.553005
5841,1.552929
5842,1.552929
5843,1.552929
5844,1.552777
5845,1.552694
5846,1.552694
5847,1.552694
5848,1.552694
5849,1.552652
5850,1.552652
5851,1.552652
5852,1.552625
5853,1.552526
5854,1.552526
5855,1.552446
5856,1.552446
5857,1.552190
5858,1.552190
5859,1.552190
5860,1.552190
5861,1.552190
5862,1.552190
5863,1.552188
5864,1.552158
5865,1.552158
5866,1.552158
5867,1.552158
5868,1.552158
5869,1.552081
5870,1.552066
5871,1.551975
5872,1.551975
5873,1.551975
5874,1.551975
5875,1.551975
5876,1.551975
5877,1.551926
5878,1.551926
5879,1.551870
5880,1.551870
5881,1.551870
5882,1.551870
5883,1.551850
5884,1.551850
5885,1.551850
5886,1.551776
5887,1.551776
5888,1.551776
5889,1.551776
5890,1.551776
5891,1.551758
5892,1.551747
5893,1.551747
5894,1.551703
5895,1.551545
5896,1.551545
5897,1.551545
5898,1.551545
5899,1.551545
5900,1.551497
5901,1.551418
5902,1.551418
5903,1.551387
5904,1.551387
5905,1.551387
5906,1.551371
5907,1.551371
5908,1.551280
5909,1.551175
5910,1.551175
5911,1.551175
5912,1.551000
5913,1.551000
5914,1.551000
5915,1.551000
5916,1.551000
5917,1.551000
5918,1.550982
5919,1.550982
5920,1.550982
5921,1.550982
5922,1.550982
5923,1.550899
5924,1.550899
5925,1.550899
5926,1.550899
5927,1.550899
5928,1.550887
5929,1.550887
5930,1.550887
5931,1.550867
5932,1.550750
5933,1.550672
5934,1.550586
5935,1.550484
5936,1.550346
5937,1.550346
5938,1.550311
5939,1.550144
5940,1.550144
5941,1.549900
5942,1.549881
5943,1.549881
5944,1.549881
5945,1.549860
5946,1.549747
5947,1.549747
5948,1.549559
5949,1.549559
5950,1.549559
5951,1.549331
5952,1.549331
5953,1.549331
5954,1.549232
5955,1.549125
5956,1.549125
5957,1.549078
5958,1.549074
5959,1.549074
5960,1.549013
5961,1.549013
5962,1.549013
5963,1.549013
5964,1.549013
5965,1.549001
5966,1.549001
5967,1.549001
5968,1.548894
5969,1.548894
5970,1.548894
5971,1.548894
5972,1.548894
5973,1.548775
5974,1.548775
5975,1.548775
5976,1.548775
5977,1.548775
5978,1.548775
5979,1.548775
5980,1.548775
5981,1.548775
5982,1.548775
5983,1.548775
5984,1.548775
5985,1.548775
5986,1.548775
5987,1.548727
5988,1.548727
5989,1.548712
5990,1.548693
5991,1.548682
5992,1.548478
5993,1.548259
5994,1.548259
5995,1.548206
5996,1.548132
5997,1.548132
5998,1.548132
5999,1.548132
6000,1.548132
6001,1.548132
6002,1.548071
6003,1.548071
6004,1.548071
6005,1.548071
6006,1.548071
6007,1.548071
6008,1.548064
6009,1.548064
6010,1.547876
6011,1.547876
6012,1.547857
6013,1.547857
6014,1.547857
6015,1.547857
6016,1.547857
6017,1.547857
6018,1.547758
6019,1.547716
6020,1.547716
6021,1.547716
6022,1.547713
6023,1.547713
6024,1.547620
6025,1.547509
6026,1.547364
6027,1.547337
6028,1.547337
6029,1.547337
6030,1.547337
6031,1.547292
6032,1.547243
6033,1.547243
6034,1.547211
6035,1.547211
6036,1.547126
6037,1.547126
6038,1.547016
6039,1.547016
6040,1.546803
6041,1.546784
6042,1.546784
6043,1.546784
6044,1.546735
6045,1.546735
6046,1.546735
6047,1.546735
6048,1.546595
6049,1.546595
6050,1.546595
6051,1.546486
6052,1.546486
6053,1.546486
6054,1.546486
6055,1.546374
6056,1.546374
6057,1.546372
6058,1.546372
6059,1.546372
6060,1.546372
6061,1.546252
6062,1.546252
6063,1.546084
6064,1.546084
6065,1.545949
6066,1.545949
6067,1.545949
6068,1.545949
6069,1.545949
6070,1.545927
6071,1.545927
6072,1.545811
6073,1.545811
6074,1.545769
6075,1.545769
6076,1.545769
6077,1.545769
6078,1.545769
6079,1.545769
6080,1.545769
6081,1.545529
6082,1.545529
6083,1.545529
6084,1.545529
6085,1.545529
6086,1.545529
6087,1.545529
6088,1.545359
6089,1.545258
6090,1.545205
6091,1.545205
6092,1.545205
6093,1.545205
6094,1.545205
6095,1.545205
6096,1.545205
6097,1.545151
6098,1.545151
6099,1.545151
6100,1.545021
6101,1.545021
6102,1.545001
6103,1.545001
6104,1.545001
6105,1.545001
6106,1.544977
6107,1.544947
6108,1.544947
6109,1.544947
6110,1.544898
6111,1.544868
6112,1.544868
6113,1.544868
6114,1.544756
6115,1.544756
6116,1.544756
6117,1.544592
6118,1.544421
6119,1.544421
6120,1.544421
6121,1.544421
6122,1.544376
6123,1.544376
6124,1.544376
6125,1.544376
6126,1.544270
6127,1.544270
6128,1.544188
6129,1.544167
6130,1.544167
6131,1.544167
6132,1.544167
6133,1.544130
6134,1.544130
6135,1.544130
6136,1.544130
6137,1.544130
6138,1.544130
6139,1.544074
6140,1.544074
6141,1.544045
6142,1.544005
6143,1.544005
6144,1.544005
6145,1.543883
6146,1.543778
6147,1.543778
6148,1.543778
6149,1.543778
6150,1.543778
6151,1.543778
6152,1.543772
6153,1.543708
6154,1.543708
6155,1.543708
6156,1.543649
6157,1.543649
6158,1.543618
6159,1.543618
6160,1.543618
6161,1.543618
6162,1.543618
6163,1.543618
6164,1.543618
6165,1.543618
6166,1.543618
6167,1.543618
6168,1.543618
6169,1.543434
6170,1.543426
6171,1.543425
6172,1.543425
6173,1.543425
6174,1.543328
6175,1.543328
6176,1.543174
6177,1.543056
6178,1.543023
6179,1.543023
6180,1.543023
6181,1.543023
6182,1.543023
6183,1.543023
6184,1.543023
6185,1.542862
6186,1.542862
6187,1.542862
6188,1.542862
6189,1.542682
6190,1.542682
6191,1.542682
6192,1.542682
6193,1.542682
6194,1.542682
6195,1.542682
6196,1.542682
6197,1.542682
6198,1.542682
6199,1.542595
6200,1.542595
6201,1.542351
6202,1.542351
6203,1.542351
6204,1.542351
6205,1.542351
6206,1.542351
6207,1.542351
6208,1.542351
6209,1.542231
6210,1.542195
6211,1.542195
6212,1.542195
6213,1.542195
6214,1.542070
6215,1.541973
6216,1.541896
6217,1.541802
6218,1.541802
6219,1.541802
6220,1.541802
6221,1.541802
6222,1.541802
6223,1.541802
6224,1.541802
6225,1.541779
6226,1.541703
6227,1.541671
6228,1.541512
6229,1.541430
6230,1.541430
6231,1.541394
6232,1.541331
6233,1.541331
6234,1.541331
6235,1.541160
6236,1.541113
6237,1.541113
6238,1.540978
6239,1.540978
6240,1.540978
6241,1.540978
6242,1.540978
6243,1.540919
6244,1.540917
6245,1.540917
6246,1.540820
6247,1.540820
6248,1.540663
6249,1.540653
6250,1.540498
6251,1.540439
6252,1.540439
6253,1.540387
6254,1.540209
6255,1.540083
6256,1.540083
6257,1.540083
6258,1.540083
6259,1.540083
6260,1.539996
6261,1.539996
6262,1.539996
6263,1.539986
6264,1.539965
6265,1.539852
6266,1.539793
6267,1.539746
6268,1.539746
6269,1.539746
6270,1.539746
6271,1.539746
6272,1.539729
6273,1.539729
6274,1.539608
6275,1.539608
6276,1.539608
6277,1.539608
6278,1.539608
6279,1.539571
6280,1.539571
6281,1.539558
6282,1.539373
6283,1.539362
6284,1.539362
6285,1.539200
6286,1.539200
6287,1.539200
6288,1.539200
6289,1.539200
6290,1.539174
6291,1.539021
6292,1.539021
6293,1.539021
6294,1.539021
6295,1.538905
6296,1.538905
6297,1.538890
6298,1.538609
6299,1.538609
6300,1.538609
6301,1.538497
6302,1.538497
6303,1.538497
6304,1.538359
6305,1.538251
6306,1.538251
6307,1.538251
6308,1.538148
6309,1.538148
6310,1.538148
6311,1.538148
6312,1.538141
6313,1.538029
6314,1.538029
6315,1.538029
6316,1.537998
6317,1.537998
6318,1.537998
6319,1.537998
6320,1.537998
6321,1.537904
6322,1.537904
6323,1.537904
6324,1.537904
6325,1.537904
6326,1.537904
6327,1.537904
6328,1.537885
6329,1.537786
6330,1.537782
6331,1.537685
6332,1.537638
6333,1.537638
6334,1.537638
6335,1.537638
6336,1.537638
6337,1.537638
6338,1.537511
6339,1.537511
6340,1.537348
6341,1.537348
6342,1.537348
6343,1.537348
6344,1.537348
6345,1.537345
6346,1.537345
6347,1.537345
6348,1.537345
6349,1.537345
6350,1.537345
6351,1.537345
6352,1.537323
6353,1.537323
6354,1.537323
6355,1.537323
6356,1.537217
6357,1.537045
6358,1.537043
6359,1.537043
6360,1.537043
6361,1.536923
6362,1.536923
6363,1.536923
6364,1.536914
6365,1.536771
6366,1.536771
6367,1.536771
6368,1.536756
6369,1.536756
6370,1.536756
6371,1.536756
6372,1.536756
6373,1.536756
6374,1.536728
6375,1.536728
6376,1.536728
6377,1.536706
6378,1.536706
6379,1.536706
6380,1.536706
6381,1.536706
6382,1.536654
6383,1.536574
6384,1.536574
6385,1.536574
6386,1.536574
6387,1.536409
6388,1.536311
6389,1.536311
6390,1.536153
6391,1.536153
6392,1.536124
6393,1.536124
6394,1.536124
6395,1.536007
6396,1.535907
6397,1.535790
6398,1.535790
6399,1.535709
6400,1.535709
6401,1.535622
6402,1.535622
6403,1.535622
6404,1.535461
6405,1.535461
6406,1.535430
6407,1.535227
6408,1.535204
6409,1.535204
6410,1.535204
6411,1.535055
6412,1.535055
6413,1.535055
6414,1.535055
6415,1.535055
6416,1.534991
6417,1.534928
6418,1.534926
6419,1.534926
6420,1.534926
6421,1.534926
6422,1.534745
6423,1.534745
6424,1.534710
6425,1.534710
6426,1.534710
6427,1.534674
6428,1.534491
6429,1.534384
6430,1.534384
6431,1.534384
6432,1.534384
6433,1.534384
6434,1.534323
6435,1.534229
6436,1.534229
6437,1.534227
6438,1.534227
6439,1.534227
6440,1.534227
6441,1.534227
6442,1.534227
6443,1.534086
6444,1.534086
6445,1.533988
6446,1.533988
6447,1.533988
6448,1.533988
6449,1.533988
6450,1.533988
6451,1.533988
6452,1.533960
6453,1.533960
6454,1.533960
6455,1.533917
6456,1.533917
6457,1.533917
6458,1.533829
6459,1.533792
6460,1.533766
6461,1.533653
6462,1.533653
6463,1.533610
6464,1.533610
6465,1.533610
6466,1.533610
6467,1.533610
6468,1.533597
6469,1.533597
6470,1.533544
6471,1.533544
6472,1.533544
6473,1.533544
6474,1.533544
6475,1.533544
6476,1.533544
6477,1.533543
6478,1.533385
6479,1.533385
6480,1.533385
6481,1.533228
6482,1.533228
6483,1.533228
6484,1.533058
6485,1.533058
6486,1.533044
6487,1.533019
6488,1.533019
6489,1.532997
6490,1.532997
6491,1.532997
6492,1.532997
6493,1.532997
6494,1.532997
6495,1.532997
6496,1.532859
6497,1.532859
6498,1.532859
6499,1.532859
6500,1.532859
6501,1.532748
6502,1.532694
6503,1.532694
6504,1.532555
6505,1.532555
6506,1.532487
6507,1.532362
6508,1.532300
6509,1.532300
6510,1.532300
6511,1.532300
6512,1.532300
6513,1.532183
6514,1.532006
6515,1.532006
6516,1.532006
6517,1.532006
6518,1.531995
6519,1.531995
6520,1.531963
6521,1.531963
6522,1.531963
6523,1.531963
6524,1.531863
6525,1.531863
6526,1.531863
6527,1.531863
6528,1.531863
6529,1.531863
6530,1.531863
6531,1.531830
6532,1.531830
6533,1.531830
6534,1.531830
6535,1.531830
6536,1.531830
6537,1.531801
6538,1.531801
6539,1.531801
6540,1.531801
6541,1.531575
6542,1.531575
6543,1.531575
6544,1.531473
6545,1.531354
6546,1.531251
6547,1.531236
6548,1.531236
6549,1.531236
6550,1.531236
6551,1.531201
6552,1.531201
6553,1.531191
6554,1.531191
6555,1.531191
6556,1.530994
6557,1.530838
6558,1.530827
6559,1.530769
6560,1.530769
6561,1.530769
6562,1.530769
6563,1.530640
6564,1.530640
6565,1.530640
6566,1.530636
6567,1.530636
6568,1.530636
6569,1.530532
6570,1.530532
6571,1.530468
6572,1.530402
6573,1.530402
6574,1.530385
6575,1.530385
6576,1.530383
6577,1.530383
6578,1.530383
6579,1.530383
6580,1.530201
6581,1.530110
6582,1.530110
6583,1.530110
6584,1.530050
6585,1.529970
6586,1.529970
6587,1.529970
6588,1.529864
6589,1.529780
6590,1.529780
6591,1.529673
6592,1.529673
6593,1.529600
6594,1.529600
6595,1.529600
6596,1.529600
6597,1.529600
6598,1.529600
6599,1.529558
6600,1.529558
6601,1.529558
6602,1.529339
6603,1.529339
6604,1.529143
6605,1.529087
6606,1.529005
6607,1.528980
6608,1.528980
6609,1.528980
6610,1.528980
6611,1.528972
6612,1.528972
6613,1.528819
6614,1.528819
6615,1.528819
6616,1.528819
6617,1.528819
6618,1.528819
6619,1.528819
6620,1.528818
6621,1.528650
6622,1.528554
6623,1.528554
6624,1.528379
6625,1.528379
6626,1.528311
6627,1.528253
6628,1.528253
6629,1.528202
6630,1.528202
6631,1.528202
6632,1.528147
6633,1.528147
6634,1.528147
6635,1.528147
6636,1.528147
6637,1.528147
6638,1.528147
6639,1.528147
6640,1.528147
6641,1.528100
6642,1.528070
6643,1.528070
6644,1.528070
6645,1.528070
6646,1.528044
6647,1.528044
6648,1.528044
6649,1.528040
6650,1.528040
6651,1.527968
6652,1.527968
6653,1.527968
6654,1.527963
6655,1.527963
6656,1.527963
6657,1.527963
6658,1.527963
6659,1.527790
6660,1.527790
6661,1.527790
6662,1.527625
6663,1.527625
6664,1.527625
6665,1.527583
6666,1.527583
6667,1.527583
6668,1.527461
6669,1.527461
6670,1.527461
6671,1.527461
6672,1.527461
6673,1.527345
6674,1.527221
6675,1.527221
6676,1.527221
6677,1.527221
6678,1.527221
6679,1.527221
6680,1.527221
6681,1.527221
6682,1.527221
6683,1.527221
6684,1.527221
6685,1.527221
6686,1.527191
6687,1.527073
6688,1.527041
6689,1.527041
6690,1.526973
6691,1.526789
6692,1.526746
6693,1.526746
6694,1.526567
6695,1.526567
6696,1.526567
6697,1.526567
6698,1.526534
6699,1.526349
6700,1.526349
6701,1.526349
6702,1.526349
6703,1.526349
6704,1.526349
6705,1.526349
6706,1.526217
6707,1.526196
6708,1.525934
6709,1.525625
6710,1.525625
6711,1.525625
6712,1.525625
6713,1.525556
6714,1.525556
6715,1.525426
6716,1.525426
6717,1.525397
6718,1.525397
6719,1.525167
6720,1.525150
6721,1.524974
6722,1.524974
6723,1.524974
6724,1.524974
6725,1.524878
6726,1.524878
6727,1.524843
6728,1.524761
6729,1.524691
6730,1.524691
6731,1.524691
6732,1.524691
6733,1.524691
6734,1.524631
6735,1.524521
6736,1.524521
6737,1.524521
6738,1.524521
6739,1.524521
6740,1.524521
6741,1.524501
6742,1.524501
6743,1.524501
6744,1.524501
6745,1.524501
6746,1.524437
6747,1.524437
6748,1.524427
6749,1.524427
6750,1.524427
6751,1.524403
6752,1.524351
6753,1.524351
6754,1.524096
6755,1.523960
6756,1.523923
6757,1.523748
6758,1.523748
6759,1.523720
6760,1.523641
6761,1.523641
6762,1.523641
6763,1.523641
6764,1.523551
6765,1.523483
6766,1.523426
6767,1.523426
6768,1.523426
6769,1.523426
6770,1.523391
6771,1.523387
6772,1.523218
6773,1.523216
6774,1.523046
6775,1.523046
6776,1.523046
6777,1.523027
6778,1.523027
6779,1.523027
6780,1.523027
6781,1.522995
6782,1.522740
6783,1.522740
6784,1.522554
6785,1.522554
6786,1.522554
6787,1.522449
6788,1.522279
6789,1.522047
6790,1.522047
6791,1.522047
6792,1.522022
6793,1.522022
6794,1.522022
6795,1.522022
6796,1.521942
6797,1.521942
6798,1.521942
6799,1.521924
6800,1.521745
6801,1.521745
6802,1.521745
6803,1.521716
6804,1.521695
6805,1.521636
6806,1.521636
6807,1.521553
6808,1.521553
6809,1.521527
6810,1.521527
6811,1.521527
6812,1.521501
6813,1.521501
6814,1.521358
6815,1.521358
6816,1.521358
6817,1.521358
6818,1.521358
6819,1.521358
6820,1.521335
6821,1.521335
6822,1.521335
6823,1.521233
6824,1.521233
6825,1.521233
6826,1.521171
6827,1.521171
6828,1.521171
6829,1.521171
6830,1.521171
6831,1.521171
6832,1.521171
6833,1.521171
6834,1.521116
6835,1.520941
6836,1.520941
6837,1.520860
6838,1.520774
6839,1.520774
6840,1.520730
6841,1.520730
6842,1.520575
6843,1.520513
6844,1.520513
6845,1.520513
6846,1.520513
6847,1.520487
6848,1.520485
6849,1.520465
6850,1.520465
6851,1.520465
6852,1.520465
6853,1.520423
6854,1.520423
6855,1.520423
6856,1.520423
6857,1.520423
6858,1.520423
6859,1.520128
6860,1.520128
6861,1.520128
6862,1.520098
6863,1.520098
6864,1.520098
6865,1.520098
6866,1.520077
6867,1.520077
6868,1.520077
6869,1.520077
6870,1.520077
6871,1.520077
6872,1.520077
6873,1.520077
6874,1.520062
6875,1.519941
6876,1.519812
6877,1.519812
6878,1.519812
6879,1.519667
6880,1.519667
6881,1.519613
6882,1.519604
6883,1.519604
6884,1.519604
6885,1.519604
6886,1.519604
6887,1.519604
6888,1.519604
6889,1.519604
6890,1.519548
6891,1.519537
6892,1.519517
6893,1.519473
6894,1.519364
6895,1.519364
6896,1.519364
6897,1.519272
6898,1.519272
6899,1.519272
6900,1.519272
6901,1.519246
6902,1.519246
6903,1.519246
6904,1.519149
6905,1.519149
6906,1.519029
6907,1.518947
6908,1.518931
6909,1.518931
6910,1.518839
6911,1.518816
6912,1.518816
6913,1.518747
6914,1.518652
6915,1.518652
6916,1.518652
6917,1.518652
6918,1.518607
6919,1.518536
6920,1.518536
6921,1.518411
6922,1.518411
6923,1.518411
6924,1.518411
6925,1.518411
6926,1.518411
6927,1.518411
6928,1.518285
6929,1.518285
6930,1.518188
6931,1.518120
6932,1.518050
6933,1.518050
6934,1.517887
6935,1.517887
6936,1.517887
6937,1.517887
6938,1.517887
6939,1.517887
6940,1.517800
6941,1.517581
6942,1.517581
6943,1.517577
6944,1.517570
6945,1.517570
6946,1.517456
6947,1.517408
6948,1.517408
6949,1.517408
6950,1.517408
6951,1.517408
6952,1.517408
6953,1.517408
6954,1.517286
6955,1.517286
6956,1.517264
6957,1.517150
6958,1.517150
6959,1.517150
6960,1.517150
6961,1.517150
6962,1.517078
6963,1.517074
6964,1.517074
6965,1.517074
6966,1.517064
6967,1.517058
6968,1.517015
6969,1.517010
6970,1.517010
6971,1.517010
6972,1.517010
6973,1.516979
6974,1.516856
6975,1.516779
6976,1.516779
6977,1.516706
6978,1.516706
6979,1.516663
6980,1.516663
6981,1.516663
6982,1.516597
6983,1.516597
6984,1.516597
6985,1.516556
6986,1.516373
6987,1.516373
6988,1.516305
6989,1.516305
6990,1.516212
6991,1.516039
6992,1.516039
6993,1.516015
6994,1.515910
6995,1.515734
6996,1.515716
6997,1.515706
6998,1.515706
6999,1.515630
7000,1.515630
7001,1.515630
7002,1.515630
7003,1.515630
7004,1.515630
7005,1.515630
7006,1.515590
7007,1.515576
7008,1.515523
7009,1.515350
7010,1.515350
7011,1.515350
7012,1.515350
7013,1.515350
7014,1.515188
7015,1.515005
7016,1.514887
7017,1.514887
7018,1.514887
7019,1.514830
7020,1.514830
7021,1.514830
7022,1.514830
7023,1.514830
7024,1.514830
7025,1.514830
7026,1.514817
7027,1.514817
7028,1.514770
7029,1.514770
7030,1.514770
7031,1.514770
7032,1.514770
7033,1.514628
7034,1.514532
7035,1.514531
7036,1.514531
7037,1.514531
7038,1.514379
7039,1.514379
7040,1.514288
7041,1.514288
7042,1.514288
7043,1.514288
7044,1.514288
7045,1.514222
7046,1.514145
7047,1.514145
7048,1.514145
7049,1.514145
7050,1.514145
7051,1.514145
7052,1.514145
7053,1.514145
7054,1.514145
7055,1.514145
7056,1.514145
7057,1.514145
7058,1.514145
7059,1.514071
7060,1.514024
7061,1.513970
7062,1.513970
7063,1.513915
7064,1.513892
7065,1.513819
7066,1.513819
7067,1.513819
7068,1.513813
7069,1.513754
7070,1.513754
7071,1.513754
7072,1.513703
7073,1.513560
7074,1.513560
7075,1.513560
7076,1.513522
7077,1.513522
7078,1.513490
7079,1.513410
7080,1.513410
7081,1.513397
7082,1.513397
7083,1.513312
7084,1.513312
7085,1.513213
7086,1.513200
7087,1.513139
7088,1.513139
7089,1.513139
7090,1.513104
7091,1.513104
7092,1.513104
7093,1.513104
7094,1.513104
7095,1.513104
7096,1.513092
7097,1.513092
7098,1.513092
7099,1.513092
7100,1.513020
7101,1.513020
7102,1.513020
7103,1.512977
7104,1.512950
7105,1.512950
7106,1.512950
7107,1.512877
7108,1.512788
7109,1.512565
7110,1.512565
7111,1.512565
7112,1.512565
7113,1.512543
7114,1.512486
7115,1.512486
7116,1.512486
7117,1.512486
7118,1.512457
7119,1.512405
7120,1.512405
7121,1.512405
7122,1.512405
7123,1.512405
7124,1.512405
7125,1.512241
7126,1.512213
7127,1.512213
7128,1.512213
7129,1.512189
7130,1.512189
7131,1.512189
7132,1.512189
7133,1.512168
7134,1.512168
7135,1.512090
7136,1.512090
7137,1.512090
7138,1.512090
7139,1.512090
7140,1.512090
7141,1.512090
7142,1.512090
7143,1.512090
7144,1.512090
7145,1.512090
7146,1.511911
7147,1.511911
7148,1.511911
7149,1.511911
7150,1.511911
7151,1.511876
7152,1.511876
7153,1.511768
7154,1.511768
7155,1.511700
7156,1.511700
7157,1.511700
7158,1.511700
7159,1.511700
7160,1.511611
7161,1.511611
7162,1.511611
7163,1.511591
7164,1.511591
7165,1.511591
7166,1.511591
7167,1.511591
7168,1.511492
7169,1.511416
7170,1.511416
7171,1.511279
7172,1.511279
7173,1.511156
7174,1.511156
7175,1.511156
7176,1.511156
7177,1.511156
7178,1.511156
7179,1.511156
7180,1.511034
7181,1.510897
7182,1.510840
7183,1.510829
7184,1.510829
7185,1.510829
7186,1.510829
7187,1.510743
7188,1.510743
7189,1.510738
7190,1.510738
7191,1.510687
7192,1.510684
7193,1.510684
7194,1.510684
7195,1.510684
7196,1.510684
7197,1.510669
7198,1.510669
7199,1.510640
7200,1.510587
7201,1.510587
7202,1.510473
7203,1.510473
7204,1.510376
7205,1.510261
7206,1.510261
7207,1.509977
7208,1.509879
7209,1.509806
7210,1.509690
7211,1.509690
7212,1.509577
7213,1.509536
7214,1.509536
7215,1.509365
7216,1.509365
7217,1.509365
7218,1.509272
7219,1.509222
7220,1.509222
7221,1.509222
7222,1.509222
7223,1.509222
7224,1.509222
7225,1.509222
7226,1.509181
7227,1.509181
7228,1.509163
7229,1.509163
7230,1.509163
7231,1.509138
7232,1.509138
7233,1.509138
7234,1.509007
7235,1.509007
7236,1.509007
7237,1.508915
7238,1.508749
7239,1.508749
7240,1.508749
7241,1.508749
7242,1.508749
7243,1.508749
7244,1.508573
7245,1.508573
7246,1.508573
7247,1.508568
7248,1.508568
7249,1.508568
7250,1.508562
7251,1.508561
7252,1.508520
7253,1.508520
7254,1.508303
7255,1.508303
7256,1.508303
7257,1.508303
7258,1.508303
7259,1.508303
7260,1.508303
7261,1.508303
7262,1.508303
7263,1.508132
7264,1.508053
7265,1.507924
7266,1.507919
7267,1.507804
7268,1.507804
7269,1.507804
7270,1.507804
7271,1.507804
7272,1.507697
7273,1.507489
7274,1.507489
7275,1.507477
7276,1.507477
7277,1.507477
7278,1.507477
7279,1.507477
7280,1.507477
7281,1.507477
7282,1.507477
7283,1.507205
7284,1.507205
7285,1.507099
7286,1.507099
7287,1.507026
7288,1.507026
7289,1.506986
7290,1.506945
7291,1.506945
7292,1.506937
7293,1.506884
7294,1.506884
7295,1.506807
7296,1.506685
7297,1.506622
7298,1.506499
7299,1.506450
7300,1.506412
7301,1.506412
7302,1.506394
7303,1.506394
7304,1.506394
7305,1.506378
7306,1.506378
7307,1.506324
7308,1.506273
7309,1.506273
7310,1.506273
7311,1.506273
7312,1.506273
7313,1.506273
7314,1.506273
7315,1.506273
7316,1.506246
7317,1.506246
7318,1.506246
7319,1.506246
7320,1.506246
7321,1.506235
7322,1.506226
7323,1.506224
7324,1.506224
7325,1.506220
7326,1.506220
7327,1.506220
7328,1.505977
7329,1.505961
7330,1.505961
7331,1.505961
7332,1.505876
7333,1.505876
7334,1.505821
7335,1.505821
7336,1.505626
7337,1.505626
7338,1.505474
7339,1.505474
7340,1.505357
7341,1.505246
7342,1.505246
7343,1.505246
7344,1.505230
7345,1.505230
7346,1.505207
7347,1.505152
7348,1.505013
7349,1.504944
7350,1.504944
7351,1.504860
7352,1.504856
7353,1.504856
7354,1.504856
7355,1.504856
7356,1.504722
7357,1.504672
7358,1.504659
7359,1.504621
7360,1.504466
7361,1.504466
7362,1.504443
7363,1.504351
7364,1.504317
7365,1.504161
7366,1.504161
7367,1.504161
7368,1.504161
7369,1.504113
7370,1.504113
7371,1.504113
7372,1.504113
7373,1.504113
7374,1.504113
7375,1.504093
7376,1.504093
7377,1.504093
7378,1.504093
7379,1.503999
7380,1.503999
7381,1.503999
7382,1.503999
7383,1.503999
7384,1.503999
7385,1.503952
7386,1.503952
7387,1.503790
7388,1.503790
7389,1.503757
7390,1.503757
7391,1.503497
7392,1.503497
7393,1.503497
7394,1.503380
7395,1.503380
7396,1.503380
7397,1.503380
7398,1.503282
7399,1.503282
7400,1.503226
7401,1.503226
7402,1.503226
7403,1.503226
7404,1.503226
7405,1.503226
7406,1.503156
7407,1.503156
7408,1.503013
7409,1.503013
7410,1.502950
7411,1.502950
7412,1.502950
7413,1.502808
7414,1.502795
7415,1.502789
7416,1.502694
7417,1.502637
7418,1.502637
7419,1.502611
7420,1.502562
7421,1.502533
7422,1.502533
7423,1.502438
7424,1.502438
7425,1.502317
7426,1.502317
7427,1.502270
7428,1.502270
7429,1.502264
7430,1.502264
7431,1.502264
7432,1.502256
7433,1.502256
7434,1.502256
7435,1.502166
7436,1.502166
7437,1.502166
7438,1.502134
7439,1.502134
7440,1.502134
7441,1.502134
7442,1.502058
7443,1.502058
7444,1.502058
7445,1.502058
7446,1.501868
7447,1.501868
7448,1.501803
7449,1.501803
7450,1.501794
7451,1.501773
7452,1.501658
7453,1.501658
7454,1.501658
7455,1.501658
7456,1.501642
7457,1.501597
7458,1.501594
7459,1.501501
7460,1.501429
7461,1.501429
7462,1.501429
7463,1.501331
7464,1.501276
7465,1.501276
7466,1.501276
7467,1.501269
7468,1.501269
7469,1.501269
7470,1.501269
7471,1.501269
7472,1.501248
7473,1.501177
7474,1.501177
7475,1.501177
7476,1.501177
7477,1.501152
7478,1.501152
7479,1.501152
7480,1.500910
7481,1.500910
7482,1.500910
7483,1.500910
7484,1.500910
7485,1.500910
7486,1.500850
7487,1.500850
7488,1.500850
7489,1.500829
7490,1.500807
7491,1.500798
7492,1.500798
7493,1.500798
7494,1.500766
7495,1.500766
7496,1.500766
7497,1.500766
7498,1.500766
7499,1.500748
7500,1.500748
7501,1.500734
7502,1.500734
7503,1.500697
7504,1.500697
7505,1.500697
7506,1.500697
7507,1.500697
7508,1.500533
7509,1.500482
7510,1.500482
7511,1.500482
7512,1.500482
7513,1.500482
7514,1.500482
7515,1.500482
7516,1.500468
7517,1.500468
7518,1.500468
7519,1.500282
7520,1.500126
7521,1.500126
7522,1.500126
7523,1.500126
7524,1.500126
7525,1.500126
7526,1.500126
7527,1.500016
7528,1.500016
7529,1.500016
7530,1.499887
7531,1.499872
7532,1.499826
7533,1.499700
7534,1.499700
7535,1.499679
7536,1.499679
7537,1.499679
7538,1.499454
7539,1.499405
7540,1.499405
7541,1.499405
7542,1.499336
7543,1.499304
7544,1.499269
7545,1.499269
7546,1.499147
7547,1.499125
7548,1.499125
7549,1.499125
7550,1.499125
7551,1.499125
7552,1.498949
7553,1.498949
7554,1.498936
7555,1.498936
7556,1.498936
7557,1.498936
7558,1.498936
7559,1.498936
7560,1.498936
7561,1.498936
7562,1.498899
7563,1.498899
7564,1.498855
7565,1.498855
7566,1.498652
7567,1.498607
7568,1.498607
7569,1.498607
7570,1.498607
7571,1.498607
7572,1.498607
7573,1.498607
7574,1.498607
7575,1.498524
7576,1.498524
7577,1.498439
7578,1.498211
7579,1.498175
7580,1.498134
7581,1.498071
7582,1.498071
7583,1.498011
7584,1.498011
7585,1.498011
7586,1.497993
7587,1.497993
7588,1.497982
7589,1.497982
7590,1.497942
7591,1.497910
7592,1.497910
7593,1.497910
7594,1.497910
7595,1.497910
7596,1.497910
7597,1.497867
7598,1.497604
7599,1.497604
7600,1.497445
7601,1.497445
7602,1.497445
7603,1.497391
7604,1.497315
7605,1.497315
7606,1.497315
7607,1.497272
7608,1.497256
7609,1.497161
7610,1.497161
7611,1.497143
7612,1.497125
7613,1.497064
7614,1.497064
7615,1.497064
7616,1.497064
7617,1.496978
7618,1.496978
7619,1.496978
7620,1.496948
7621,1.496948
7622,1.496948
7623,1.496927
7624,1.496913
7625,1.496913
7626,1.496857
7627,1.496829
7628,1.496662
7629,1.496519
7630,1.496519
7631,1.496519
7632,1.496476
7633,1.496476
7634,1.496476
7635,1.496476
7636,1.496331
7637,1.496279
7638,1.496279
7639,1.496243
7640,1.496243
7641,1.496229
7642,1.496229
7643,1.496107
7644,1.496107
7645,1.495836
7646,1.495836
7647,1.495836
7648,1.495836
7649,1.495836
7650,1.495834
7651,1.495810
7652,1.495810
7653,1.495788
7654,1.495788
7655,1.495788
7656,1.495698
7657,1.495697
7658,1.495648
7659,1.495463
7660,1.495436
7661,1.495436
7662,1.495436
7663,1.495436
7664,1.495375
7665,1.495375
7666,1.495375
7667,1.495338
7668,1.495301
7669,1.495301
7670,1.495237
7671,1.495237
7672,1.495237
7673,1.495237
7674,1.495107
7675,1.495107
7676,1.495107
7677,1.495107
7678,1.495107
7679,1.495107
7680,1.495107
7681,1.494999
7682,1.494999
7683,1.494999
7684,1.494990
7685,1.494990
7686,1.494990
7687,1.494935
7688,1.494935
7689,1.494836
7690,1.494836
7691,1.494836
7692,1.494836
7693,1.494713
7694,1.494515
7695,1.494362
7696,1.494265
7697,1.494265
7698,1.494265
7699,1.494265
7700,1.494265
7701,1.494193
7702,1.494094
7703,1.494078
7704,1.494078
7705,1.494078
7706,1.494078
7707,1.494078
7708,1.494078
7709,1.494011
7710,1.494011
7711,1.494011
7712,1.494011
7713,1.494011
7714,1.493993
7715,1.493993
7716,1.493894
7717,1.493863
7718,1.493706
7719,1.493660
7720,1.493660
7721,1.493627
7722,1.493627
7723,1.493627
7724,1.493475
7725,1.493475
7726,1.493429
7727,1.493425
7728,1.493273
7729,1.493205
7730,1.493205
7731,1.493205
7732,1.493205
7733,1.493205
7734,1.493205
7735,1.493205
7736,1.493073
7737,1.492949
7738,1.492946
7739,1.492901
7740,1.492901
7741,1.492860
7742,1.492678
7743,1.492653
7744,1.492579
7745,1.492446
7746,1.492362
7747,1.492201
7748,1.492201
7749,1.492201
7750,1.492125
7751,1.492125
7752,1.492060
7753,1.491818
7754,1.491818
7755,1.491818
7756,1.491818
7757,1.491818
7758,1.491690
7759,1.491690
7760,1.491690
7761,1.491690
7762,1.491615
7763,1.491615
7764,1.491615
7765,1.491615
7766,1.491470
7767,1.491347
7768,1.491347
7769,1.491282
7770,1.491282
7771,1.491273
7772,1.491273
7773,1.491273
7774,1.491273
7775,1.491238
7776,1.491147
7777,1.491147
7778,1.491147
7779,1.491147
7780,1.491068
7781,1.491068
7782,1.491036
7783,1.490952
7784,1.490952
7785,1.490952
7786,1.490944
7787,1.490889
7788,1.490889
7789,1.490889
7790,1.490889
7791,1.490889
7792,1.490889
7793,1.490889
7794,1.490847
7795,1.490847
7796,1.490757
7797,1.490648
7798,1.490607
7799,1.490607
7800,1.490607
7801,1.490553
7802,1.490553
7803,1.490553
7804,1.490466
7805,1.490281
7806,1.490281
7807,1.490281
7808,1.490281
7809,1.490229
7810,1.490171
7811,1.490171
7812,1.490171
7813,1.490171
7814,1.490171
7815,1.490171
7816,1.490108
7817,1.490108
7818,1.490108
7819,1.490091
7820,1.490091
7821,1.490058
7822,1.490058
7823,1.489966
7824,1.489870
7825,1.489786
7826,1.489786
7827,1.489668
7828,1.489668
7829,1.489668
7830,1.489668
7831,1.489616
7832,1.489593
7833,1.489593
7834,1.489593
7835,1.489593
7836,1.489388
7837,1.489388
7838,1.489388
7839,1.489271
7840,1.489271
7841,1.489271
7842,1.489271
7843,1.489271
7844,1.489271
7845,1.489221
7846,1.489221
7847,1.489154
7848,1.489154
7849,1.489154
7850,1.489154
7851,1.489154
7852,1.489154
7853,1.489093
7854,1.488993
7855,1.488993
7856,1.488993
7857,1.488993
7858,1.488993
7859,1.488993
7860,1.488899
7861,1.488863
7862,1.488833
7863,1.488833
7864,1.488833
7865,1.488833
7866,1.488833
7867,1.488791
7868,1.488791
7869,1.488791
7870,1.488791
7871,1.488769
7872,1.488602
7873,1.488602
7874,1.488602
7875,1.488602
7876,1.488500
7877,1.488500
7878,1.488488
7879,1.488404
7880,1.488391
7881,1.488278
7882,1.488178
7883,1.488081
7884,1.487972
7885,1.487972
7886,1.487901
7887,1.487775
7888,1.487775
7889,1.487620
7890,1.487620
7891,1.487620
7892,1.487620
7893,1.487620
7894,1.487620
7895,1.487557
7896,1.487557
7897,1.487557
7898,1.487551
7899,1.487545
7900,1.487458
7901,1.487458
7902,1.487381
7903,1.487378
7904,1.487247
7905,1.487247
7906,1.487247
7907,1.487238
7908,1.487238
7909,1.487194
7910,1.487194
7911,1.487174
7912,1.487141
7913,1.487006
7914,1.487006
7915,1.486973
7916,1.486973
7917,1.486869
7918,1.486869
7919,1.486847
7920,1.486847
7921,1.486847
7922,1.486727
7923,1.486727
7924,1.486658
7925,1.486631
7926,1.486614
7927,1.486485
7928,1.486426
7929,1.486426
7930,1.486426
7931,1.486426
7932,1.486426
7933,1.486426
7934,1.486426
7935,1.486406
7936,1.486406
7937,1.486335
7938,1.486335
7939,1.486301
7940,1.486251
7941,1.486148
7942,1.486067
7943,1.486067
7944,1.486016
7945,1.486016
7946,1.485880
7947,1.485880
7948,1.485880
7949,1.485880
7950,1.485772
7951,1.485772
7952,1.485555
7953,1.485555
7954,1.485555
7955,1.485555
7956,1.485555
7957,1.485555
7958,1.485555
7959,1.485555
7960,1.485511
7961,1.485468
7962,1.485468
7963,1.485468
7964,1.485405
7965,1.485405
7966,1.485405
7967,1.485405
7968,1.485405
7969,1.485405
7970,1.485405
7971,1.485389
7972,1.485389
7973,1.485349
7974,1.485345
7975,1.485345
7976,1.485345
7977,1.485331
7978,1.485293
7979,1.485293
7980,1.485293
7981,1.485293
7982,1.485293
7983,1.485090
7984,1.485090
7985,1.485044
7986,1.485044
7987,1.485044
7988,1.485044
7989,1.484885
7990,1.484885
7991,1.484885
7992,1.484885
7993,1.484885
7994,1.484868
7995,1.484868
7996,1.484868
7997,1.484868
7998,1.484860
7999,1.484779
8000,1.484648
8001,1.484613
8002,1.484553
8003,1.484553
8004,1.484528
8005,1.484528
8006,1.484374
8007,1.484374
8008,1.484374
8009,1.484367
8010,1.484338
8011,1.484338
8012,1.484338
8013,1.484277
8014,1.484277
8015,1.484277
8016,1.484277
8017,1.484277
8018,1.484277
8019,1.484257
8020,1.484172
8021,1.484105
8022,1.484105
8023,1.484030
8024,1.484030
8025,1.484030
8026,1.484030
8027,1.484030
8028,1.483935
8029,1.483935
8030,1.483935
8031,1.483914
8032,1.483914
8033,1.483914
8034,1.483914
8035,1.483914
8036,1.483903
8037,1.483903
8038,1.483739
8039,1.483739
8040,1.483739
8041,1.483682
8042,1.483652
8043,1.483652
8044,1.483652
8045,1.483652
8046,1.483604
8047,1.483604
8048,1.483604
8049,1.483604
8050,1.483350
8051,1.483350
8052,1.483252
8053,1.483222
8054,1.483209
8055,1.483095
8056,1.483080
8057,1.482986
8058,1.482986
8059,1.482931
8060,1.482931
8061,1.482931
8062,1.482931
8063,1.482931
8064,1.482907
8065,1.482829
8066,1.482829
8067,1.482829
8068,1.482829
8069,1.482829
8070,1.482829
8071,1.482829
8072,1.482829
8073,1.482829
8074,1.482829
8075,1.482829
8076,1.482791
8077,1.482762
8078,1.482731
8079,1.482651
8080,1.482651
8081,1.482651
8082,1.482597
8083,1.482597
8084,1.482597
8085,1.482564
8086,1.482438
8087,1.482438
8088,1.482438
8089,1.482438
8090,1.482419
8091,1.482322
8092,1.482322
8093,1.482322
8094,1.482322
8095,1.482322
8096,1.482322
8097,1.482316
8098,1.482214
8099,1.482214
8100,1.482214
8101,1.482214
8102,1.482214
8103,1.482214
8104,1.482188
8105,1.482188
8106,1.482188
8107,1.482188
8108,1.482066
8109,1.482066
8110,1.481939
8111,1.481876
8112,1.481876
8113,1.481876
8114,1.481876
8115,1.481876
8116,1.481876
8117,1.481876
8118,1.481876
8119,1.481830
8120,1.481830
8121,1.481830
8122,1.481830
8123,1.481703
8124,1.481703
8125,1.481609
8126,1.481609
8127,1.481609
8128,1.481487
8129,1.481487
8130,1.481487
8131,1.481411
8132,1.481293
8133,1.481293
8134,1.481231
8135,1.481170
8136,1.481145
8137,1.480981
8138,1.480914
8139,1.480837
8140,1.480837
8141,1.480753
8142,1.480677
8143,1.480528
8144,1.480528
8145,1.480473
8146,1.480417
8147,1.480397
8148,1.480397
8149,1.480334
8150,1.480224
8151,1.480224
8152,1.480224
8153,1.480224
8154,1.480224
8155,1.480224
8156,1.480224
8157,1.480192
8158,1.480080
8159,1.480080
8160,1.480080
8161,1.480053
8162,1.480053
8163,1.480053
8164,1.480039
8165,1.480039
8166,1.480039
8167,1.480039
8168,1.480039
8169,1.479966
8170,1.479966
8171,1.479928
8172,1.479710
8173,1.479522
8174,1.479490
8175,1.479460
8176,1.479460
8177,1.479460
8178,1.479460
8179,1.479460
8180,1.479460
8181,1.479460
8182,1.479460
8183,1.479381
8184,1.479381
8185,1.479381
8186,1.479381
8187,1.479379
8188,1.479379
8189,1.479379
8190,1.479379
8191,1.479337
8192,1.479337
8193,1.479337
8194,1.479337
8195,1.479337
8196,1.479337
8197,1.479337
8198,1.479220
8199,1.479031
8200,1.479016
8201,1.479016
8202,1.479016
8203,1.479016
8204,1.479016
8205,1.479016
8206,1.479009
8207,1.478917
8208,1.478917
8209,1.478917
8210,1.478917
8211,1.478917
8212,1.478917
8213,1.478917
8214,1.478814
8215,1.478814
8216,1.478738
8217,1.478682
8218,1.478682
8219,1.478682
8220,1.478673
8221,1.478673
8222,1.478653
8223,1.478653
8224,1.478644
8225,1.478541
8226,1.478461
8227,1.478461
8228,1.478461
8229,1.478438
8230,1.478417
8231,1.478417
8232,1.478417
8233,1.478417
8234,1.478317
8235,1.478283
8236,1.478283
8237,1.478283
8238,1.478220
8239,1.478220
8240,1.478220
8241,1.478220
8242,1.478220
8243,1.478220
8244,1.478192
8245,1.478192
8246,1.478192
8247,1.478133
8248,1.478133
8249,1.478092
8250,1.478092
8251,1.478092
8252,1.478056
8253,1.478056
8254,1.478056
8255,1.477950
8256,1.477857
8257,1.477857
8258,1.477857
8259,1.477857
8260,1.477857
8261,1.477857
8262,1.477831
8263,1.477831
8264,1.477781
8265,1.477629
8266,1.477629
8267,1.477629
8268,1.477543
8269,1.477543
8270,1.477543
8271,1.477406
8272,1.477406
8273,1.477406
8274,1.477406
8275,1.477290
8276,1.477290
8277,1.477240
8278,1.477240
8279,1.477240
8280,1.477226
8281,1.477226
8282,1.477226
8283,1.477226
8284,1.477179
8285,1.477163
8286,1.477163
8287,1.477163
8288,1.477163
8289,1.477163
8290,1.477132
8291,1.477132
8292,1.476996
8293,1.476919
8294,1.476919
8295,1.476918
8296,1.476888
8297,1.476770
8298,1.476645
8299,1.476645
8300,1.476535
8301,1.476535
8302,1.476535
8303,1.476535
8304,1.476484
8305,1.476484
8306,1.476484
8307,1.476484
8308,1.476484
8309,1.476410
8310,1.476410
8311,1.476410
8312,1.476410
8313,1.476410
8314,1.476369
8315,1.476369
8316,1.476305
8317,1.476305
8318,1.476292
8319,1.476243
8320,1.476243
8321,1.476052
8322,1.476052
8323,1.475975
8324,1.475975
8325,1.475957
8326,1.475935
8327,1.475819
8328,1.475819
8329,1.475819
8330,1.475819
8331,1.475755
8332,1.475699
8333,1.475699
8334,1.475583
8335,1.475583
8336,1.475583
8337,1.475583
8338,1.475583
8339,1.475521
8340,1.475495
8341,1.475495
8342,1.475495
8343,1.475479
8344,1.475479
8345,1.475479
8346,1.475289
8347,1.475289
8348,1.475289
8349,1.475289
8350,1.475289
8351,1.475289
8352,1.475289
8353,1.475211
8354,1.475211
8355,1.475211
8356,1.475192
8357,1.475192
8358,1.475192
8359,1.475192
8360,1.475192
8361,1.475184
8362,1.475039
8363,1.474985
8364,1.474983
8365,1.474983
8366,1.474864
8367,1.474864
8368,1.474651
8369,1.474651
8370,1.474651
8371,1.474625
8372,1.474496
8373,1.474453
8374,1.474414
8375,1.474410
8376,1.474338
8377,1.474338
8378,1.474338
8379,1.474330
8380,1.474330
8381,1.474277
8382,1.474158
8383,1.474158
8384,1.474158
8385,1.474158
8386,1.473991
8387,1.473991
8388,1.473989
8389,1.473732
8390,1.473732
8391,1.473732
8392,1.473732
8393,1.473732
8394,1.473732
8395,1.473732
8396,1.473732
8397,1.473732
8398,1.473732
8399,1.473722
8400,1.473722
8401,1.473722
8402,1.473722
8403,1.473722
8404,1.473666
8405,1.473587
8406,1.473567
8407,1.473567
8408,1.473567
8409,1.473567
8410,1.473567
8411,1.473567
8412,1.473363
8413,1.473304
8414,1.473232
8415,1.473232
8416,1.473232
8417,1.473232
8418,1.473232
8419,1.473232
8420,1.473232
8421,1.473210
8422,1.473210
8423,1.473201
8424,1.473176
8425,1.473176
8426,1.473117
8427,1.473117
8428,1.473101
8429,1.473101
8430,1.473101
8431,1.473101
8432,1.473101
8433,1.473101
8434,1.473101
8435,1.473085
8436,1.473085
8437,1.473003
8438,1.472833
8439,1.472833
8440,1.472833
8441,1.472833
8442,1.472833
8443,1.472826
8444,1.472826
8445,1.472826
8446,1.472826
8447,1.472826
8448,1.472826
8449,1.472825
8450,1.472808
8451,1.472805
8452,1.472771
8453,1.472771
8454,1.472771
8455,1.472771
8456,1.472666
8457,1.472666
8458,1.472655
8459,1.472655
8460,1.472523
8461,1.472523
8462,1.472277
8463,1.472231
8464,1.472231
8465,1.472231
8466,1.472231
8467,1.472205
8468,1.472098
8469,1.471946
8470,1.471946
8471,1.471914
8472,1.471914
8473,1.471914
8474,1.471838
8475,1.471815
8476,1.471815
8477,1.471815
8478,1.471674
8479,1.471674
8480,1.471674
8481,1.471674
8482,1.471651
8483,1.471651
8484,1.471527
8485,1.471441
8486,1.471441
8487,1.471441
8488,1.471387
8489,1.471387
8490,1.471387
8491,1.471271
8492,1.471216
8493,1.471011
8494,1.470950
8495,1.470950
8496,1.470842
8497,1.470842
8498,1.470842
8499,1.470842
8500,1.470835
8501,1.470683
8502,1.470683
8503,1.470683
8504,1.470683
8505,1.470585
8506,1.470575
8507,1.470528
8508,1.470528
8509,1.470523
8510,1.470479
8511,1.470459
8512,1.470459
8513,1.470264
8514,1.470207
8515,1.470207
8516,1.470207
8517,1.470207
8518,1.470102
8519,1.470102
8520,1.470102
8521,1.470102
8522,1.470102
8523,1.470102
8524,1.470102
8525,1.470102
8526,1.470102
8527,1.470102
8528,1.470102
8529,1.470102
8530,1.470102
8531,1.470071
8532,1.470071
8533,1.470040
8534,1.470040
8535,1.470040
8536,1.470029
8537,1.470029
8538,1.470029
8539,1.470029
8540,1.469978
8541,1.469952
8542,1.469869
8543,1.469869
8544,1.469869
8545,1.469869
8546,1.469854
8547,1.469854
8548,1.469854
8549,1.469854
8550,1.469854
8551,1.469854
8552,1.469854
8553,1.469854
8554,1.469854
8555,1.469854
8556,1.469854
8557,1.469792
8558,1.469792
8559,1.469761
8560,1.469732
8561,1.469732
8562,1.469732
8563,1.469646
8564,1.469646
8565,1.469646
8566,1.469646
8567,1.469646
8568,1.469619
8569,1.469619
8570,1.469549
8571,1.469532
8572,1.469532
8573,1.469532
8574,1.469287
8575,1.469287
8576,1.469287
8577,1.469287
8578,1.469207
8579,1.469201
8580,1.469201
8581,1.469201
8582,1.469191
8583,1.469191
8584,1.469035
8585,1.469031
8586,1.469029
8587,1.469029
8588,1.469029
8589,1.469029
8590,1.468989
8591,1.468940
8592,1.468822
8593,1.468822
8594,1.468818
8595,1.468683
8596,1.468683
8597,1.468669
8598,1.468669
8599,1.468669
8600,1.468638
8601,1.468638
8602,1.468638
8603,1.468638
8604,1.468638
8605,1.468638
8606,1.468638
8607,1.468577
8608,1.468577
8609,1.468448
8610,1.468409
8611,1.468409
8612,1.468271
8613,1.468271
8614,1.468271
8615,1.468271
8616,1.468271
8617,1.468242
8618,1.468242
8619,1.468111
8620,1.468111
8621,1.468010
8622,1.467978
8623,1.467978
8624,1.467978
8625,1.467927
8626,1.467927
8627,1.467877
8628,1.467804
8629,1.467804
8630,1.467804
8631,1.467538
8632,1.467538
8633,1.467538
8634,1.467416
8635,1.467416
8636,1.467416
8637,1.467322
8638,1.467322
8639,1.467254
8640,1.467254
8641,1.467254
8642,1.467168
8643,1.467168
8644,1.467164
8645,1.467094
8646,1.467094
8647,1.466975
8648,1.466937
8649,1.466937
8650,1.466937
8651,1.466916
8652,1.466916
8653,1.466916
8654,1.466916
8655,1.466887
8656,1.466794
8657,1.466794
8658,1.466771
8659,1.466703
8660,1.466703
8661,1.466588
8662,1.466457
8663,1.466441
8664,1.466441
8665,1.466350
8666,1.466221
8667,1.466152
8668,1.466152
8669,1.466152
8670,1.466151
8671,1.466151
8672,1.466126
8673,1.466126
8674,1.466083
8675,1.465994
8676,1.465988
8677,1.465841
8678,1.465841
8679,1.465822
8680,1.465822
8681,1.465822
8682,1.465822
8683,1.465822
8684,1.465716
8685,1.465645
8686,1.465645
8687,1.465589
8688,1.465589
8689,1.465412
8690,1.465412
8691,1.465412
8692,1.465412
8693,1.465410
8694,1.465410
8695,1.465410
8696,1.465410
8697,1.465410
8698,1.465410
8699,1.465410
8700,1.465410
8701,1.465403
8702,1.465403
8703,1.465403
8704,1.465364
8705,1.465364
8706,1.465305
8707,1.465305
8708,1.465305
8709,1.465186
8710,1.465186
8711,1.465153
8712,1.465153
8713,1.465153
8714,1.465153
8715,1.465153
8716,1.465130
8717,1.465130
8718,1.465130
8719,1.465130
8720,1.465040
8721,1.464925
8722,1.464779
8723,1.464779
8724,1.464779
8725,1.464642
8726,1.464615
8727,1.464615
8728,1.464615
8729,1.464615
8730,1.464615
8731,1.464469
8732,1.464278
8733,1.464265
8734,1.464192
8735,1.464185
8736,1.464164
8737,1.464164
8738,1.464164
8739,1.464075
8740,1.463930
8741,1.463930
8742,1.463930
8743,1.463911
8744,1.463911
8745,1.463911
8746,1.463911
8747,1.463911
8748,1.463911
8749,1.463911
8750,1.463911
8751,1.463881
8752,1.463863
8753,1.463863
8754,1.463863
8755,1.463863
8756,1.463863
8757,1.463863
8758,1.463849
8759,1.463849
8760,1.463787
8761,1.463631
8762,1.463631
8763,1.463631
8764,1.463631
8765,1.463631
8766,1.463615
8767,1.463615
8768,1.463615
8769,1.463615
8770,1.463615
8771,1.463547
8772,1.463547
8773,1.463517
8774,1.463517
8775,1.463517
8776,1.463517
8777,1.463410
8778,1.463410
8779,1.463340
8780,1.463340
8781,1.463271
8782,1.463271
8783,1.463271
8784,1.463104
8785,1.463104
8786,1.463104
8787,1.463104
8788,1.463041
8789,1.463013
8790,1.463013
8791,1.462880
8792,1.462803
8793,1.462803
8794,1.462742
8795,1.462742
8796,1.462742
8797,1.462742
8798,1.462665
8799,1.462571
8800,1.462571
8801,1.462571
8802,1.462571
8803,1.462571
8804,1.462571
8805,1.462571
8806,1.462426
8807,1.462426
8808,1.462426
8809,1.462389
8810,1.462389
8811,1.462311
8812,1.462311
8813,1.462311
8814,1.462311
8815,1.462311
8816,1.462311
8817,1.462309
8818,1.462309
8819,1.462309
8820,1.462282
8821,1.462282
8822,1.462282
8823,1.462282
8824,1.462282
8825,1.462282
8826,1.462282
8827,1.462282
8828,1.462282
8829,1.462269
8830,1.462246
8831,1.462186
8832,1.462127
8833,1.462127
8834,1.462127
8835,1.461987
8836,1.461987
8837,1.461938
8838,1.461938
8839,1.461938
8840,1.461938
8841,1.461894
8842,1.461857
8843,1.461857
8844,1.461830
8845,1.461830
8846,1.461827
8847,1.461827
8848,1.461753
8849,1.461753
8850,1.461753
8851,1.461678
8852,1.461565
8853,1.461565
8854,1.461385
8855,1.461385
8856,1.461385
8857,1.461385
8858,1.461385
8859,1.461385
8860,1.461385
8861,1.461348
8862,1.461221
8863,1.460982
8864,1.460982
8865,1.460982
8866,1.460982
8867,1.460982
8868,1.460955
8869,1.460955
8870,1.460955
8871,1.460868
8872,1.460868
8873,1.460868
8874,1.460729
8875,1.460729
8876,1.460729
8877,1.460704
8878,1.460704
8879,1.460704
8880,1.460680
8881,1.460652
8882,1.460652
8883,1.460526
8884,1.460526
8885,1.460502
8886,1.460502
8887,1.460443
8888,1.460443
8889,1.460443
8890,1.460443
8891,1.460443
8892,1.460443
8893,1.460443
8894,1.460443
8895,1.460286
8896,1.460286
8897,1.460237
8898,1.460203
8899,1.460203
8900,1.460147
8901,1.459953
8902,1.459898
8903,1.459898
8904,1.459898
8905,1.459898
8906,1.459898
8907,1.459851
8908,1.459851
8909,1.459851
8910,1.459699
8911,1.459699
8912,1.459699
8913,1.459699
8914,1.459558
8915,1.459558
8916,1.459558
8917,1.459558
8918,1.459544
8919,1.459513
8920,1.459412
8921,1.459331
8922,1.459331
8923,1.459271
8924,1.459271
8925,1.459271
8926,1.459259
8927,1.459175
8928,1.459026
8929,1.459026
8930,1.458992
8931,1.458795
8932,1.458707
8933,1.458707
8934,1.458707
8935,1.458707
8936,1.458707
8937,1.458707
8938,1.458707
8939,1.458586
8940,1.458586
8941,1.458586
8942,1.458586
8943,1.458586
8944,1.458586
8945,1.458586
8946,1.458586
8947,1.458586
8948,1.458557
8949,1.458461
8950,1.458452
8951,1.458452
8952,1.458452
8953,1.458441
8954,1.458392
8955,1.458321
8956,1.458262
8957,1.458262
8958,1.458262
8959,1.458207
8960,1.458207
8961,1.458207
8962,1.458207
8963,1.458207
8964,1.458166
8965,1.458166
8966,1.458085
8967,1.457954
8968,1.457954
8969,1.457954
8970,1.457855
8971,1.457842
8972,1.457782
8973,1.457755
8974,1.457755
8975,1.457739
8976,1.457739
8977,1.457739
8978,1.457739
8979,1.457668
8980,1.457668
8981,1.457654
8982,1.457654
8983,1.457654
8984,1.457523
8985,1.457523
8986,1.457523
8987,1.457523
8988,1.457523
8989,1.457523
8990,1.457523
8991,1.457523
8992,1.457523
8993,1.457523
8994,1.457523
8995,1.457448
8996,1.457448
8997,1.457397
8998,1.457397
8999,1.457397
9000,1.457397
9001,1.457397
9002,1.457377
9003,1.457374
9004,1.457374
9005,1.457374
9006,1.457305
9007,1.457305
9008,1.457305
9009,1.457305
9010,1.457305
9011,1.457273
9012,1.457273
9013,1.457273
9014,1.457273
9015,1.457273
9016,1.457273
9017,1.457273
9018,1.457273
9019,1.457273
9020,1.457229
9021,1.457229
9022,1.457229
9023,1.457140
9024,1.457067
9025,1.457067
9026,1.456977
9027,1.456956
9028,1.456956
9029,1.456956
9030,1.456956
9031,1.456956
9032,1.456956
9033,1.456849
9034,1.456849
9035,1.456829
9036,1.456687
9037,1.456544
9038,1.456384
9039,1.456384
9040,1.456193
9041,1.456119
9042,1.456084
9043,1.456084
9044,1.455905
9045,1.455905
9046,1.455905
9047,1.455905
9048,1.455905
9049,1.455905
9050,1.455858
9051,1.455803
9052,1.455794
9053,1.455794
9054,1.455736
9055,1.455726
9056,1.455726
9057,1.455714
9058,1.455714
9059,1.455714
9060,1.455714
9061,1.455714
9062,1.455714
9063,1.455714
9064,1.455714
9065,1.455693
9066,1.455693
9067,1.455586
9068,1.455586
9069,1.455559
9070,1.455559
9071,1.455559
9072,1.455522
9073,1.455391
9074,1.455381
9075,1.455320
9076,1.455320
9077,1.455320
9078,1.455320
9079,1.455320
9080,1.455320
9081,1.455320
9082,1.455290
9083,1.455234
9084,1.455234
9085,1.455234
9086,1.455234
9087,1.455232
9088,1.455178
9089,1.455178
9090,1.455169
9091,1.455169
9092,1.455130
9093,1.455130
9094,1.455127
9095,1.455068
9096,1.455068
9097,1.455068
9098,1.455068
9099,1.455068
9100,1.455016
9101,1.455016
9102,1.454967
9103,1.454915
9104,1.454915
9105,1.454915
9106,1.454915
9107,1.454915
9108,1.454915
9109,1.454915
9110,1.454915
9111,1.454817
9112,1.454815
9113,1.454815
9114,1.454815
9115,1.454773
9116,1.454773
9117,1.454773
9118,1.454716
9119,1.454716
9120,1.454716
9121,1.454643
9122,1.454556
9123,1.454556
9124,1.454556
9125,1.454556
9126,1.454499
9127,1.454499
9128,1.454499
9129,1.454499
9130,1.454467
9131,1.454467
9132,1.454467
9133,1.454467
9134,1.454462
9135,1.454427
9136,1.454427
9137,1.454427
9138,1.454427
9139,1.454427
9140,1.454356
9141,1.454356
9142,1.454356
9143,1.454356
9144,1.454298
9145,1.454257
9146,1.454175
9147,1.454175
9148,1.454077
9149,1.454077
9150,1.454039
9151,1.454039
9152,1.453998
9153,1.453948
9154,1.453707
9155,1.453611
9156,1.453611
9157,1.453606
9158,1.453515
9159,1.453515
9160,1.453392
9161,1.453391
9162,1.453391
9163,1.453383
9164,1.453383
9165,1.453383
9166,1.453383
9167,1.453383
9168,1.453291
9169,1.453249
9170,1.453153
9171,1.453106
9172,1.453061
9173,1.453061
9174,1.452947
9175,1.452833
9176,1.452763
9177,1.452763
9178,1.452763
9179,1.452763
9180,1.452750
9181,1.452739
9182,1.452676
9183,1.452676
9184,1.452676
9185,1.452676
9186,1.452500
9187,1.452500
9188,1.452498
9189,1.452439
9190,1.452374
9191,1.452374
9192,1.452374
9193,1.452374
9194,1.452111
9195,1.452111
9196,1.451974
9197,1.451874
9198,1.451874
9199,1.451874
9200,1.451874
9201,1.451802
9202,1.451785
9203,1.451785
9204,1.451785
9205,1.451785
9206,1.451728
9207,1.451728
9208,1.451728
9209,1.451683
9210,1.451683
9211,1.451683
9212,1.451683
9213,1.451637
9214,1.451530
9215,1.451530
9216,1.451447
9217,1.451398
9218,1.451398
9219,1.451398
9220,1.451398
9221,1.451398
9222,1.451312
9223,1.451312
9224,1.451185
9225,1.451185
9226,1.451176
9227,1.451164
9228,1.451158
9229,1.451158
9230,1.451158
9231,1.451077
9232,1.451051
9233,1.451043
9234,1.451034
9235,1.450935
9236,1.450935
9237,1.450935
9238,1.450935
9239,1.450935
9240,1.450935
9241,1.450935
9242,1.450933
9243,1.450933
9244,1.450901
9245,1.450788
9246,1.450788
9247,1.450788
9248,1.450788
9249,1.450788
9250,1.450629
9251,1.450629
9252,1.450629
9253,1.450629
9254,1.450601
9255,1.450601
9256,1.450601
9257,1.450601
9258,1.450601
9259,1.450580
9260,1.450580
9261,1.450580
9262,1.450471
9263,1.450427
9264,1.450427
9265,1.450369
9266,1.450200
9267,1.450200
9268,1.450126
9269,1.450126
9270,1.450119
9271,1.450052
9272,1.449929
9273,1.449920
9274,1.449920
9275,1.449793
9276,1.449793
9277,1.449793
9278,1.449793
9279,1.449766
9280,1.449766
9281,1.449766
9282,1.449766
9283,1.449552
9284,1.449542
9285,1.449405
9286,1.449405
9287,1.449330
9288,1.449330
9289,1.449310
9290,1.449273
9291,1.449273
9292,1.449273
9293,1.449130
9294,1.449074
9295,1.448996
9296,1.448971
9297,1.448971
9298,1.448971
9299,1.448906
9300,1.448906
9301,1.448906
9302,1.448906
9303,1.448906
9304,1.448759
9305,1.448670
9306,1.448618
9307,1.448618
9308,1.448587
9309,1.448585
9310,1.448585
9311,1.448585
9312,1.448579
9313,1.448579
9314,1.448535
9315,1.448523
9316,1.448523
9317,1.448456
9318,1.448456
9319,1.448456
9320,1.448298
9321,1.448298
9322,1.448298
9323,1.448298
9324,1.448298
9325,1.448298
9326,1.448221
9327,1.448086
9328,1.448086
9329,1.447990
9330,1.447990
9331,1.447990
9332,1.447990
9333,1.447990
9334,1.447990
9335,1.447983
9336,1.447983
9337,1.447983
9338,1.447983
9339,1.447917
9340,1.447917
9341,1.447917
9342,1.447917
9343,1.447917
9344,1.447917
9345,1.447917
9346,1.447917
9347,1.447917
9348,1.447917
9349,1.447917
9350,1.447835
9351,1.447835
9352,1.447825
9353,1.447772
9354,1.447772
9355,1.447772
9356,1.447772
9357,1.447772
9358,1.447680
9359,1.447680
9360,1.447627
9361,1.447627
9362,1.447627
9363,1.447607
9364,1.447607
9365,1.447528
9366,1.447528
9367,1.447342
9368,1.447305
9369,1.447305
9370,1.447287
9371,1.447199
9372,1.447199
9373,1.447199
9374,1.447199
9375,1.447051
9376,1.447037
9377,1.447037
9378,1.446879
9379,1.446846
9380,1.446671
9381,1.446671
9382,1.446564
9383,1.446547
9384,1.446547
9385,1.446547
9386,1.446547
9387,1.446547
9388,1.446524
9389,1.446366
9390,1.446366
9391,1.446366
9392,1.446366
9393,1.446366
9394,1.446364
9395,1.446259
9396,1.446237
9397,1.446233
9398,1.446233
9399,1.446156
9400,1.446148
9401,1.446148
9402,1.446148
9403,1.446148
9404,1.446145
9405,1.446145
9406,1.446145
9407,1.446145
9408,1.446141
9409,1.446141
9410,1.446141
9411,1.446141
9412,1.446141
9413,1.446141
9414,1.446141
9415,1.446139
9416,1.446041
9417,1.446021
9418,1.445959
9419,1.445951
9420,1.445919
9421,1.445837
9422,1.445810
9423,1.445810
9424,1.445810
9425,1.445722
9426,1.445671
9427,1.445671
9428,1.445671
9429,1.445668
9430,1.445668
9431,1.445649
9432,1.445649
9433,1.445649
9434,1.445649
9435,1.445647
9436,1.445647
9437,1.445647
9438,1.445424
9439,1.445396
9440,1.445315
9441,1.445315
9442,1.445241
9443,1.445241
9444,1.445241
9445,1.445241
9446,1.445237
9447,1.445210
9448,1.445210
9449,1.445210
9450,1.445210
9451,1.445163
9452,1.445163
9453,1.445163
9454,1.445163
9455,1.445163
9456,1.445003
9457,1.445003
9458,1.444988
9459,1.444988
9460,1.444986
9461,1.444982
9462,1.444982
9463,1.444791
9464,1.444791
9465,1.444791
9466,1.444713
9467,1.444713
9468,1.444713
9469,1.444654
9470,1.444615
9471,1.444615
9472,1.444566
9473,1.444566
9474,1.444566
9475,1.444566
9476,1.444566
9477,1.444562
9478,1.444562
9479,1.444562
9480,1.444562
9481,1.444562
9482,1.444533
9483,1.444391
9484,1.444391
9485,1.444348
9486,1.444348
9487,1.444348
9488,1.444348
9489,1.444348
9490,1.444348
9491,1.444348
9492,1.444314
9493,1.444314
9494,1.444314
9495,1.444185
9496,1.444167
9497,1.444134
9498,1.444134
9499,1.444134
9500,1.444046
9501,1.444046
9502,1.444046
9503,1.444046
9504,1.444043
9505,1.444043
9506,1.443907
9507,1.443907
9508,1.443907
9509,1.443907
9510,1.443879
9511,1.443879
9512,1.443788
9513,1.443788
9514,1.443788
9515,1.443784
9516,1.443784
9517,1.443784
9518,1.443712
9519,1.443712
9520,1.443712
9521,1.443712
9522,1.443712
9523,1.443540
9524,1.443503
9525,1.443503
9526,1.443503
9527,1.443503
9528,1.443503
9529,1.443503
9530,1.443355
9531,1.443260
9532,1.443260
9533,1.443260
9534,1.443109
9535,1.442999
9536,1.442947
9537,1.442928
9538,1.442928
9539,1.442928
9540,1.442789
9541,1.442738
9542,1.442696
9543,1.442696
9544,1.442696
9545,1.442666
9546,1.442626
9547,1.442616
9548,1.442616
9549,1.442616
9550,1.442568
9551,1.442559
9552,1.442474
9553,1.442474
9554,1.442474
9555,1.442474
9556,1.442474
9557,1.442474
9558,1.442474
9559,1.442438
9560,1.442438
9561,1.442438
9562,1.442438
9563,1.442438
9564,1.442438
9565,1.442438
9566,1.442413
9567,1.442413
9568,1.442413
9569,1.442379
9570,1.442379
9571,1.442320
9572,1.442320
9573,1.442222
9574,1.442222
9575,1.442222
9576,1.442222
9577,1.442071
9578,1.442071
9579,1.442071
9580,1.442041
9581,1.442041
9582,1.442041
9583,1.442041
9584,1.441800
9585,1.441773
9586,1.441619
9587,1.441619
9588,1.441619
9589,1.441614
9590,1.441614
9591,1.441614
9592,1.441467
9593,1.441467
9594,1.441467
9595,1.441467
9596,1.441467
9597,1.441456
9598,1.441456
9599,1.441456
9600,1.441456
9601,1.441418
9602,1.441357
9603,1.441357
9604,1.441357
9605,1.441357
9606,1.441357
9607,1.441197
9608,1.440993
9609,1.440993
9610,1.440974
9611,1.440974
9612,1.440974
9613,1.440884
9614,1.440884
9615,1.440884
9616,1.440884
9617,1.440834
9618,1.440834
9619,1.440834
9620,1.440834
9621,1.440812
9622,1.440760
9623,1.440682
9624,1.440651
9625,1.440651
9626,1.440651
9627,1.440651
9628,1.440580
9629,1.440580
9630,1.440580
9631,1.440480
9632,1.440399
9633,1.440399
9634,1.440321
9635,1.440321
9636,1.440227
9637,1.440179
9638,1.440179
9639,1.440008
9640,1.440008
9641,1.439989
9642,1.439989
9643,1.439989
9644,1.439938
9645,1.439905
9646,1.439905
9647,1.439905
9648,1.439858
9649,1.439755
9650,1.439755
9651,1.439603
9652,1.439494
9653,1.439494
9654,1.439446
9655,1.439446
9656,1.439446
9657,1.439446
9658,1.439288
9659,1.439288
9660,1.439288
9661,1.439288
9662,1.439113
9663,1.439113
9664,1.439113
9665,1.439063
9666,1.438967
9667,1.438866
9668,1.438826
9669,1.438826
9670,1.438826
9671,1.438758
9672,1.438758
9673,1.438758
9674,1.438758
9675,1.438758
9676,1.438673
9677,1.438673
9678,1.438605
9679,1.438605
9680,1.438605
9681,1.438605
9682,1.438605
9683,1.438406
9684,1.438303
9685,1.438303
9686,1.438303
9687,1.438295
9688,1.438252
9689,1.438252
9690,1.438252
9691,1.438252
9692,1.438252
9693,1.438153
9694,1.438105
9695,1.437970
9696,1.437773
9697,1.437733
9698,1.437733
9699,1.437733
9700,1.437733
9701,1.437711
9702,1.437711
9703,1.437711
9704,1.437711
9705,1.437711
9706,1.437711
9707,1.437711
9708,1.437711
9709,1.437677
9710,1.437677
9711,1.437660
9712,1.437652
9713,1.437637
9714,1.437637
9715,1.437637
9716,1.437608
9717,1.437608
9718,1.437608
9719,1.437514
9720,1.437514
9721,1.437514
9722,1.437514
9723,1.437514
9724,1.437425
9725,1.437410
9726,1.437365
9727,1.437308
9728,1.437177
9729,1.437177
9730,1.437177
9731,1.437177
9732,1.437177
9733,1.437119
9734,1.437076
9735,1.437076
9736,1.437076
9737,1.437067
9738,1.436936
9739,1.436872
9740,1.436743
9741,1.436730
9742,1.436707
9743,1.436707
9744,1.436666
9745,1.436666
9746,1.436531
9747,1.436519
9748,1.436519
9749,1.436519
9750,1.436519
9751,1.436519
9752,1.436481
9753,1.436481
9754,1.436481
9755,1.436481
9756,1.436456
9757,1.436456
9758,1.436456
9759,1.436456
9760,1.436353
9761,1.436353
9762,1.436228
9763,1.436228
9764,1.436227
9765,1.436227
9766,1.436062
9767,1.436062
9768,1.435973
9769,1.435940
9770,1.435850
9771,1.435850
9772,1.435850
9773,1.435850
9774,1.435714
9775,1.435705
9776,1.435705
9777,1.435666
9778,1.435666
9779,1.435666
9780,1.435666
9781,1.435579
9782,1.435579
9783,1.435579
9784,1.435579
9785,1.435530
9786,1.435530
9787,1.435530
9788,1.435530
9789,1.435530
9790,1.435530
9791,1.435530
9792,1.435529
9793,1.435529
9794,1.435529
9795,1.435529
9796,1.435529
9797,1.435529
9798,1.435510
9799,1.435510
9800,1.435510
9801,1.435429
9802,1.435365
9803,1.435365
9804,1.435180
9805,1.435180
9806,1.435180
9807,1.435180
9808,1.435180
9809,1.435146
9810,1.435146
9811,1.435146
9812,1.435115
9813,1.435115
9814,1.435115
9815,1.435035
9816,1.435035
9817,1.435035
9818,1.434984
9819,1.434984
9820,1.434984
9821,1.434984
9822,1.434984
9823,1.434969
9824,1.434969
9825,1.434969
9826,1.434969
9827,1.434969
9828,1.434782
9829,1.434782
9830,1.434782
9831,1.434740
9832,1.434737
9833,1.434646
9834,1.434646
9835,1.434646
9836,1.434646
9837,1.434640
9838,1.434559
9839,1.434559
9840,1.434559
9841,1.434484
9842,1.434463
9843,1.434463
9844,1.434463
9845,1.434428
9846,1.434428
9847,1.434428
9848,1.434428
9849,1.434343
9850,1.434343
9851,1.434343
9852,1.434343
9853,1.434299
9854,1.434144
9855,1.434144
9856,1.434144
9857,1.434111
9858,1.434071
9859,1.434027
9860,1.434027
9861,1.433994
9862,1.433954
9863,1.433954
9864,1.433912
9865,1.433863
9866,1.433863
9867,1.433863
9868,1.433762
9869,1.433762
9870,1.433751
9871,1.433751
9872,1.433751
9873,1.433675
9874,1.433675
9875,1.433675
9876,1.433617
9877,1.433617
9878,1.433555
9879,1.433300
9880,1.433300
9881,1.433300
9882,1.433300
9883,1.433300
9884,1.433173
9885,1.433173
9886,1.433157
9887,1.433040
9888,1.433040
9889,1.433040
9890,1.433017
9891,1.433017
9892,1.433017
9893,1.433017
9894,1.432898
9895,1.432898
9896,1.432836
9897,1.432744
9898,1.432744
9899,1.432744
9900,1.432642
9901,1.432612
9902,1.432612
9903,1.432612
9904,1.432612
9905,1.432612
9906,1.432612
9907,1.432612
9908,1.432612
9909,1.432612
9910,1.432612
9911,1.432523
9912,1.432523
9913,1.432523
9914,1.432488
9915,1.432479
9916,1.432379
9917,1.432379
9918,1.432379
9919,1.432379
9920,1.432379
9921,1.432379
9922,1.432379
9923,1.432379
9924,1.432323
9925,1.432323
9926,1.432323
9927,1.432323
9928,1.432293
9929,1.432124
9930,1.432047
9931,1.432047
9932,1.432047
9933,1.432034
9934,1.431927
9935,1.431927
9936,1.431927
9937,1.431927
9938,1.431833
9939,1.431833
9940,1.431833
9941,1.431833
9942,1.431833
9943,1.431833
9944,1.431757
9945,1.431757
9946,1.431727
9947,1.431727
9948,1.431618
9949,1.431618
9950,1.431570
9951,1.431504
9952,1.431477
9953,1.431350
9954,1.431350
9955,1.431350
9956,1.431350
9957,1.431350
9958,1.431350
9959,1.431350
9960,1.431350
9961,1.431350
9962,1.431350
9963,1.431350
9964,1.431350
9965,1.431350
9966,1.431350
9967,1.431350
9968,1.431350
9969,1.431213
9970,1.431213
9971,1.431213
9972,1.431093
9973,1.431093
9974,1.431093
9975,1.431093
9976,1.431093
9977,1.431086
9978,1.431086
9979,1.431086
9980,1.431086
9981,1.431075
9982,1.431075
9983,1.431075
9984,1.431075
9985,1.431008
9986,1.431008
9987,1.431008
9988,1.431008
9989,1.431008
9990,1.431008
9991,1.431008
9992,1.431008
9993,1.431008
9994,1.431008
9995,1.430992
9996,1.430992
9997,1.430992
9998,1.430992
9999,1.430992
10000,1.430992
10001,1.430992
10002,1.430770
10003,1.430770
10004,1.430770
10005,1.430770
10006,1.430770
10007,1.430770
10008,1.430759
10009,1.430721
10010,1.430689
10011,1.430689
10012,1.430689
10013,1.430609
10014,1.430609
10015,1.430549
10016,1.430549
10017,1.430549
10018,1.430411
10019,1.430405
10020,1.430180
10021,1.430180
10022,1.430180
10023,1.430180
10024,1.430180
10025,1.430180
10026,1.430180
10027,1.430180
10028,1.429994
10029,1.429978
10030,1.429904
10031,1.429904
10032,1.429878
10033,1.429878
10034,1.429878
10035,1.429878
10036,1.429878
10037,1.429878
10038,1.429857
10039,1.429833
10040,1.429833
10041,1.429833
10042,1.429833
10043,1.429833
10044,1.429833
10045,1.429833
10046,1.429795
10047,1.429795
10048,1.429795
10049,1.429795
10050,1.429795
10051,1.429654
10052,1.429654
10053,1.429654
10054,1.429649
10055,1.429649
10056,1.429649
10057,1.429649
10058,1.429466
10059,1.429431
10060,1.429385
10061,1.429288
10062,1.429144
10063,1.429144
10064,1.429144
10065,1.429144
10066,1.429075
10067,1.429075
10068,1.429003
10069,1.429003
10070,1.429003
10071,1.428885
10072,1.428839
10073,1.428839
10074,1.428839
10075,1.428839
10076,1.428839
10077,1.428751
10078,1.428636
10079,1.428636
10080,1.428636
10081,1.428636
10082,1.428636
10083,1.428636
10084,1.428636
10085,1.428636
10086,1.428560
10087,1.428560
10088,1.428458
10089,1.428329
10090,1.428303
10091,1.428303
10092,1.428303
10093,1.428303
10094,1.428303
10095,1.428303
10096,1.428303
10097,1.428193
10098,1.428086
10099,1.428086
10100,1.428086
10101,1.428086
10102,1.428002
10103,1.428002
10104,1.428002
10105,1.427948
10106,1.427948
10107,1.427898
10108,1.427898
10109,1.427898
10110,1.427898
10111,1.427847
10112,1.427847
10113,1.427847
10114,1.427753
10115,1.427731
10116,1.427726
10117,1.427726
10118,1.427726
10119,1.427688
10120,1.427611
10121,1.427598
10122,1.427544
10123,1.427480
10124,1.427480
10125,1.427480
10126,1.427433
10127,1.427433
10128,1.427433
10129,1.427433
10130,1.427433
10131,1.427285
10132,1.427285
10133,1.427285
10134,1.427285
10135,1.427285
10136,1.427238
10137,1.427234
10138,1.427060
10139,1.427060
10140,1.427060
10141,1.427060
10142,1.427060
10143,1.427060
10144,1.427042
10145,1.426955
10146,1.426955
10147,1.426891
10148,1.426891
10149,1.426891
10150,1.426891
10151,1.426891
10152,1.426877
10153,1.426877
10154,1.426877
10155,1.426877
10156,1.426828
10157,1.426753
10158,1.426753
10159,1.426743
10160,1.426743
10161,1.426736
10162,1.426736
10163,1.426736
10164,1.426736
10165,1.426689
10166,1.426689
10167,1.426687
10168,1.426633
10169,1.426633
10170,1.426633
10171,1.426633
10172,1.426633
10173,1.426633
10174,1.426608
10175,1.426596
10176,1.426596
10177,1.426532
10178,1.426532
10179,1.426409
10180,1.426409
10181,1.426279
10182,1.426279
10183,1.426154
10184,1.426154
10185,1.426139
10186,1.426139
10187,1.426139
10188,1.426139
10189,1.425959
10190,1.425959
10191,1.425900
10192,1.425900
10193,1.425900
10194,1.425900
10195,1.425854
10196,1.425842
10197,1.425842
10198,1.425810
10199,1.425810
10200,1.425810
10201,1.425810
10202,1.425742
10203,1.425697
10204,1.425697
10205,1.425694
10206,1.425694
10207,1.425670
10208,1.425670
10209,1.425670
10210,1.425598
10211,1.425598
10212,1.425591
10213,1.425591
10214,1.425547
10215,1.425547
10216,1.425547
10217,1.425546
10218,1.425543
10219,1.425543
10220,1.425485
10221,1.425485
10222,1.425485
10223,1.425461
10224,1.425283
10225,1.425282
10226,1.425179
10227,1.425179
10228,1.425158
10229,1.425158
10230,1.425158
10231,1.425060
10232,1.424865
10233,1.424865
10234,1.424865
10235,1.424865
10236,1.424865
10237,1.424865
10238,1.424865
10239,1.424746
10240,1.424746
10241,1.424746
10242,1.424746
10243,1.424746
10244,1.424746
10245,1.424729
10246,1.424726
10247,1.424726
10248,1.424726
10249,1.424664
10250,1.424664
10251,1.424633
10252,1.424538
10253,1.424538
10254,1.424538
10255,1.424444
10256,1.424444
10257,1.424441
10258,1.424441
10259,1.424441
10260,1.424335
10261,1.424286
10262,1.424286
10263,1.424286
10264,1.424237
10265,1.424237
10266,1.424237
10267,1.424237
10268,1.424169
10269,1.424169
10270,1.424145
10271,1.424145
10272,1.424106
10273,1.424106
10274,1.424106
10275,1.424000
10276,1.423951
10277,1.423951
10278,1.423951
10279,1.423951
10280,1.423951
10281,1.423808
10282,1.423677
10283,1.423600
10284,1.423600
10285,1.423591
10286,1.423591
10287,1.423577
10288,1.423425
10289,1.423425
10290,1.423416
10291,1.423416
10292,1.423262
10293,1.423262
10294,1.423252
10295,1.423163
10296,1.423063
10297,1.423022
10298,1.422991
10299,1.422991
10300,1.422891
10301,1.422891
10302,1.422891
10303,1.422891
10304,1.422891
10305,1.422891
10306,1.422891
10307,1.422891
10308,1.422891
10309,1.422891
10310,1.422850
10311,1.422850
10312,1.422815
10313,1.422815
10314,1.422754
10315,1.422754
10316,1.422754
10317,1.422691
10318,1.422691
10319,1.422690
10320,1.422690
10321,1.422690
10322,1.422598
10323,1.422591
10324,1.422591
10325,1.422591
10326,1.422591
10327,1.422591
10328,1.422591
10329,1.422464
10330,1.422464
10331,1.422464
10332,1.422394
10333,1.422394
10334,1.422394
10335,1.422363
10336,1.422264
10337,1.422197
10338,1.422197
10339,1.422197
10340,1.422092
10341,1.422092
10342,1.422092
10343,1.422002
10344,1.422002
10345,1.422002
10346,1.422002
10347,1.422002
10348,1.422002
10349,1.422002
10350,1.422002
10351,1.422002
10352,1.422002
10353,1.422002
10354,1.422002
10355,1.422001
10356,1.422001
10357,1.422001
10358,1.422001
10359,1.421973
10360,1.421973
10361,1.421954
10362,1.421954
10363,1.421954
10364,1.421954
10365,1.421954
10366,1.421954
10367,1.421954
10368,1.421954
10369,1.421883
10370,1.421883
10371,1.421709
10372,1.421602
10373,1.421602
10374,1.421602
10375,1.421602
10376,1.421602
10377,1.421602
10378,1.421561
10379,1.421489
10380,1.421419
10381,1.421419
10382,1.421419
10383,1.421419
10384,1.421419
10385,1.421419
10386,1.421353
10387,1.421353
10388,1.421345
10389,1.421320
10390,1.421320
10391,1.421320
10392,1.421320
10393,1.421320
10394,1.421263
10395,1.421107
10396,1.421107
10397,1.421107
10398,1.421107
10399,1.421107
10400,1.421101
10401,1.421101
10402,1.421101
10403,1.421101
10404,1.421101
10405,1.421101
10406,1.421101
10407,1.421101
10408,1.420843
10409,1.420843
10410,1.420843
10411,1.420843
10412,1.420843
10413,1.420825
10414,1.420825
10415,1.420825
10416,1.420825
10417,1.420764
10418,1.420764
10419,1.420709
10420,1.420668
10421,1.420616
10422,1.420616
10423,1.420611
10424,1.420611
10425,1.420568
10426,1.420539
10427,1.420529
10428,1.420497
10429,1.420497
10430,1.420497
10431,1.420497
10432,1.420497
10433,1.420450
10434,1.420450
10435,1.420361
10436,1.420217
10437,1.420085
10438,1.420085
10439,1.420085
10440,1.420085
10441,1.420085
10442,1.420013
10443,1.419895
10444,1.419895
10445,1.419895
10446,1.419895
10447,1.419826
10448,1.419826
10449,1.419826
10450,1.419826
10451,1.419826
10452,1.419826
10453,1.419811
10454,1.419811
10455,1.419799
10456,1.419735
10457,1.419671
10458,1.419610
10459,1.419610
10460,1.419535
10461,1.419535
10462,1.419535
10463,1.419374
10464,1.419182
10465,1.419182
10466,1.419182
10467,1.419182
10468,1.419182
10469,1.419182
10470,1.419112
10471,1.419112
10472,1.419112
10473,1.419112
10474,1.419112
10475,1.419112
10476,1.419112
10477,1.419073
10478,1.419073
10479,1.419073
10480,1.418960
10481,1.418960
10482,1.418954
10483,1.418954
10484,1.418954
10485,1.418895
10486,1.418895
10487,1.418895
10488,1.418895
10489,1.418895
10490,1.418849
10491,1.418730
10492,1.418730
10493,1.418730
10494,1.418666
10495,1.418666
10496,1.418605
10497,1.418605
10498,1.418605
10499,1.418552
10500,1.418465
10501,1.418465
10502,1.418465
10503,1.418465
10504,1.418465
10505,1.418433
10506,1.418433
10507,1.418433
10508,1.418433
10509,1.418433
10510,1.418430
10511,1.418430
10512,1.418326
10513,1.418326
10514,1.418287
10515,1.418284
10516,1.418284
10517,1.418217
10518,1.418068
10519,1.418068
10520,1.418068
10521,1.418057
10522,1.418057
10523,1.418057
10524,1.418057
10525,1.418057
10526,1.418057
10527,1.418057
10528,1.418057
10529,1.418037
10530,1.418037
10531,1.418013
10532,1.418013
10533,1.418013
10534,1.417917
10535,1.417917
10536,1.417910
10537,1.417888
10538,1.417888
10539,1.417888
10540,1.417888
10541,1.417784
10542,1.417655
10543,1.417655
10544,1.417655
10545,1.417517
10546,1.417517
10547,1.417472
10548,1.417472
10549,1.417472
10550,1.417472
10551,1.417472
10552,1.417472
10553,1.417472
10554,1.417397
10555,1.417397
10556,1.417383
10557,1.417383
10558,1.417383
10559,1.417297
10560,1.417297
10561,1.417297
10562,1.417169
10563,1.417169
10564,1.417169
10565,1.417151
10566,1.417061
10567,1.417006
10568,1.417006
10569,1.417001
10570,1.416956
10571,1.416956
10572,1.416925
10573,1.416925
10574,1.416925
10575,1.416848
10576,1.416848
10577,1.416848
10578,1.416724
10579,1.416724
10580,1.416724
10581,1.416636
10582,1.416636
10583,1.416636
10584,1.416636
10585,1.416573
10586,1.416572
10587,1.416572
10588,1.416544
10589,1.416544
10590,1.416544
10591,1.416544
10592,1.416544
10593,1.416544
10594,1.416544
10595,1.416544
10596,1.416544
10597,1.416544
10598,1.416544
10599,1.416544
10600,1.416517
10601,1.416517
10602,1.416436
10603,1.416436
10604,1.416436
10605,1.416309
10606,1.416090
10607,1.415987
10608,1.415935
10609,1.415935
10610,1.415935
10611,1.415935
10612,1.415935
10613,1.415907
10614,1.415907
10615,1.415907
10616,1.415892
10617,1.415789
10618,1.415753
10619,1.415753
10620,1.415717
10621,1.415717
10622,1.415717
10623,1.415717
10624,1.415717
10625,1.415625
10626,1.415625
10627,1.415625
10628,1.415476
10629,1.415476
10630,1.415457
10631,1.415407
10632,1.415399
10633,1.415399
10634,1.415399
10635,1.415399
10636,1.415399
10637,1.415368
10638,1.415368
10639,1.415368
10640,1.415368
10641,1.415368
10642,1.415297
10643,1.415267
10644,1.415267
10645,1.415267
10646,1.415207
10647,1.415207
10648,1.415207
10649,1.415207
10650,1.415207
10651,1.415108
10652,1.415108
10653,1.415108
10654,1.415108
10655,1.415101
10656,1.415101
10657,1.415101
10658,1.415101
10659,1.415101
10660,1.415101
10661,1.415012
10662,1.415012
10663,1.415012
10664,1.414974
10665,1.414974
10666,1.414974
10667,1.414915
10668,1.414915
10669,1.414915
10670,1.414915
10671,1.414868
10672,1.414868
10673,1.414868
10674,1.414868
10675,1.414868
10676,1.414868
10677,1.414867
10678,1.414867
10679,1.414779
10680,1.414779
10681,1.414779
10682,1.414605
10683,1.414605
10684,1.414605
10685,1.414605
10686,1.414565
10687,1.414565
10688,1.414487
10689,1.414487
10690,1.414470
10691,1.414470
10692,1.414470
10693,1.414470
10694,1.414470
10695,1.414419
10696,1.414419
10697,1.414419
10698,1.414419
10699,1.414360
10700,1.414274
10701,1.414274
10702,1.414200
10703,1.414200
10704,1.414200
10705,1.414103
10706,1.414103
10707,1.413984
10708,1.413914
10709,1.413914
10710,1.413829
10711,1.413823
10712,1.413769
10713,1.413721
10714,1.413676
10715,1.413676
10716,1.413676
10717,1.413659
10718,1.413659
10719,1.413630
10720,1.413630
10721,1.413630
10722,1.413630
10723,1.413621
10724,1.413621
10725,1.413621
10726,1.413621
10727,1.413494
10728,1.413452
10729,1.413452
10730,1.413452
10731,1.413430
10732,1.413354
10733,1.413354
10734,1.413354
10735,1.413354
10736,1.413224
10737,1.413173
10738,1.413173
10739,1.413173
10740,1.413073
10741,1.413073
10742,1.413073
10743,1.413073
10744,1.413073
10745,1.413073
10746,1.413073
10747,1.413014
10748,1.413001
10749,1.413001
10750,1.413001
10751,1.413001
10752,1.413001
10753,1.413001
10754,1.413001
10755,1.413001
10756,1.413001
10757,1.413001
10758,1.413001
10759,1.412947
10760,1.412936
10761,1.412890
10762,1.412890
10763,1.412715
10764,1.412715
10765,1.412693
10766,1.412693
10767,1.412693
10768,1.412693
10769,1.412641
10770,1.412546
10771,1.412546
10772,1.412510
10773,1.412489
10774,1.412489
10775,1.412489
10776,1.412489
10777,1.412489
10778,1.412488
10779,1.412401
10780,1.412401
10781,1.412401
10782,1.412401
10783,1.412401
10784,1.412401
10785,1.412214
10786,1.412214
10787,1.412214
10788,1.412178
10789,1.412178
10790,1.412178
10791,1.412178
10792,1.412178
10793,1.412083
10794,1.412083
10795,1.412074
10796,1.412012
10797,1.412012
10798,1.412012
10799,1.411944
10800,1.411944
10801,1.411944
10802,1.411944
10803,1.411854
10804,1.411846
10805,1.411846
10806,1.411846
10807,1.411741
10808,1.411741
10809,1.411686
10810,1.411686
10811,1.411596
10812,1.411596
10813,1.411581
10814,1.411566
10815,1.411566
10816,1.411530
10817,1.411530
10818,1.411449
10819,1.411420
10820,1.411216
10821,1.411216
10822,1.411197
10823,1.411197
10824,1.411160
10825,1.411131
10826,1.411131
10827,1.411111
10828,1.411067
10829,1.411067
10830,1.411016
10831,1.410979
10832,1.410958
10833,1.410958
10834,1.410879
10835,1.410879
10836,1.410879
10837,1.410879
10838,1.410879
10839,1.410879
10840,1.410879
10841,1.410879
10842,1.410764
10843,1.410764
10844,1.410708
10845,1.410635
10846,1.410635
10847,1.410604
10848,1.410492
10849,1.410438
10850,1.410438
10851,1.410438
10852,1.410438
10853,1.410438
10854,1.410438
10855,1.410438
10856,1.410438
10857,1.410438
10858,1.410437
10859,1.410437
10860,1.410378
10861,1.410318
10862,1.410318
10863,1.410295
10864,1.410145
10865,1.410139
10866,1.410127
10867,1.410083
10868,1.410083
10869,1.410083
10870,1.410083
10871,1.410083
10872,1.410083
10873,1.410034
10874,1.409931
10875,1.409772
10876,1.409616
10877,1.409616
10878,1.409576
10879,1.409554
10880,1.409554
10881,1.409525
10882,1.409408
10883,1.409408
10884,1.409408
10885,1.409408
10886,1.409327
10887,1.409293
10888,1.409293
10889,1.409293
10890,1.409276
10891,1.409276
10892,1.409276
10893,1.409269
10894,1.409269
10895,1.409269
10896,1.409175
10897,1.409042
10898,1.409042
10899,1.409042
10900,1.409042
10901,1.408955
10902,1.408955
10903,1.408955
10904,1.408809
10905,1.408809
10906,1.408809
10907,1.408697
10908,1.408697
10909,1.408697
10910,1.408621
10911,1.408621
10912,1.408621
10913,1.408621
10914,1.408621
10915,1.408621
10916,1.408590
10917,1.408590
10918,1.408590
10919,1.408590
10920,1.408590
10921,1.408482
10922,1.408482
10923,1.408482
10924,1.408482
10925,1.408482
10926,1.408401
10927,1.408356
10928,1.408356
10929,1.408331
10930,1.408331
10931,1.408331
10932,1.408267
10933,1.408267
10934,1.408229
10935,1.408229
10936,1.408229
10937,1.408229
10938,1.408229
10939,1.408140
10940,1.408026
10941,1.408026
10942,1.408026
10943,1.407979
10944,1.407903
10945,1.407903
10946,1.407903
10947,1.407903
10948,1.407903
10949,1.407903
10950,1.407903
10951,1.407903
10952,1.407903
10953,1.407868
10954,1.407868
10955,1.407868
10956,1.407868
10957,1.407834
10958,1.407777
10959,1.407777
10960,1.407571
10961,1.407525
10962,1.407482
10963,1.407482
10964,1.407482
10965,1.407361
10966,1.407361
10967,1.407361
10968,1.407361
10969,1.407341
10970,1.407331
10971,1.407327
10972,1.407248
10973,1.407174
10974,1.407174
10975,1.407099
10976,1.407089
10977,1.406937
10978,1.406937
10979,1.406937
10980,1.406856
10981,1.406856
10982,1.406815
10983,1.406787
10984,1.406787
10985,1.406787
10986,1.406787
10987,1.406677
10988,1.406677
10989,1.406645
10990,1.406579
10991,1.406558
10992,1.406558
10993,1.406447
10994,1.406383
10995,1.406383
10996,1.406301
10997,1.406301
10998,1.406301
10999,1.406254
11000,1.406254
11001,1.406175
11002,1.406175
11003,1.406175
11004,1.406175
11005,1.406175
11006,1.406175
11007,1.406175
11008,1.406175
11009,1.406138
11010,1.406138
11011,1.406097
11012,1.406082
11013,1.406082
11014,1.406082
11015,1.406082
11016,1.406082
11017,1.406082
11018,1.406082
11019,1.406082
11020,1.406082
11021,1.406038
11022,1.406038
11023,1.406038
11024,1.406038
11025,1.406013
11026,1.406013
11027,1.406013
11028,1.405994
11029,1.405994
11030,1.405972
11031,1.405950
11032,1.405950
11033,1.405855
11034,1.405837
11035,1.405837
11036,1.405788
11037,1.405788
11038,1.405788
11039,1.405788
11040,1.405788
11041,1.405713
11042,1.405682
11043,1.405655
11044,1.405648
11045,1.405600
11046,1.405552
11047,1.405530
11048,1.405530
11049,1.405530
11050,1.405501
11051,1.405491
11052,1.405491
11053,1.405470
11054,1.405470
11055,1.405470
11056,1.405370
11057,1.405287
11058,1.405287
11059,1.405250
11060,1.405184
11061,1.405005
11062,1.405003
11063,1.404937
11064,1.404937
11065,1.404915
11066,1.404915
11067,1.404898
11068,1.404589
11069,1.404531
11070,1.404531
11071,1.404531
11072,1.404461
11073,1.404355
11074,1.404355
11075,1.404304
11076,1.404304
11077,1.404207
11078,1.404205
11079,1.404205
11080,1.404205
11081,1.404205
11082,1.404205
11083,1.404205
11084,1.404205
11085,1.404205
11086,1.404205
11087,1.404205
11088,1.404110
11089,1.404108
11090,1.404108
11091,1.404108
11092,1.404108
11093,1.403910
11094,1.403910
11095,1.403905
11096,1.403905
11097,1.403801
11098,1.403677
11099,1.403542
11100,1.403542
11101,1.403442
11102,1.403442
11103,1.403442
11104,1.403370
11105,1.403370
11106,1.403370
11107,1.403249
11108,1.403218
11109,1.403209
11110,1.403120
11111,1.403031
11112,1.402858
11113,1.402858
11114,1.402858
11115,1.402790
11116,1.402790
11117,1.402790
11118,1.402790
11119,1.402739
11120,1.402739
11121,1.402739
11122,1.402644
11123,1.402644
11124,1.402569
11125,1.402569
11126,1.402557
11127,1.402545
11128,1.402545
11129,1.402545
11130,1.402511
11131,1.402511
11132,1.402511
11133,1.402511
11134,1.402474
11135,1.402474
11136,1.402474
11137,1.402474
11138,1.402407
11139,1.402338
11140,1.402338
11141,1.402338
11142,1.402211
11143,1.402211
11144,1.402206
11145,1.402206
11146,1.402206
11147,1.402190
11148,1.402015
11149,1.402015
11150,1.402015
11151,1.402015
11152,1.402015
11153,1.402015
11154,1.402001
11155,1.402001
11156,1.401957
11157,1.401957
11158,1.401957
11159,1.401957
11160,1.401906
11161,1.401871
11162,1.401871
11163,1.401871
11164,1.401871
11165,1.401871
11166,1.401871
11167,1.401871
11168,1.401836
11169,1.401836
11170,1.401777
11171,1.401699
11172,1.401699
11173,1.401699
11174,1.401699
11175,1.401699
11176,1.401699
11177,1.401699
11178,1.401699
11179,1.401664
11180,1.401664
11181,1.401571
11182,1.401571
11183,1.401486
11184,1.401460
11185,1.401460
11186,1.401460
11187,1.401371
11188,1.401358
11189,1.401221
11190,1.401221
11191,1.401221
11192,1.401152
11193,1.401114
11194,1.401095
11195,1.401074
11196,1.401074
11197,1.400926
11198,1.400926
11199,1.400926
11200,1.400926
11201,1.400926
11202,1.400926
11203,1.400918
11204,1.400897
11205,1.400891
11206,1.400830
11207,1.400830
11208,1.400830
11209,1.400830
11210,1.400786
11211,1.400784
11212,1.400784
11213,1.400784
11214,1.400738
11215,1.400738
11216,1.400547
11217,1.400545
11218,1.400435
11219,1.400392
11220,1.400392
11221,1.400392
11222,1.400392
11223,1.400382
11224,1.400305
11225,1.400098
11226,1.400098
11227,1.400098
11228,1.400098
11229,1.400098
11230,1.400098
11231,1.400098
11232,1.400098
11233,1.400057
11234,1.400057
11235,1.400057
11236,1.400057
11237,1.399946
11238,1.399946
11239,1.399946
11240,1.399908
11241,1.399908
11242,1.399908
11243,1.399908
11244,1.399908
11245,1.399908
11246,1.399759
11247,1.399670
11248,1.399640
11249,1.399554
11250,1.399554
11251,1.399537
11252,1.399524
11253,1.399524
11254,1.399468
11255,1.399466
11256,1.399466
11257,1.399452
11258,1.399452
11259,1.399426
11260,1.399344
11261,1.399317
11262,1.399317
11263,1.399301
11264,1.399301
11265,1.399301
11266,1.399301
11267,1.399301
11268,1.399301
11269,1.399225
11270,1.399144
11271,1.399144
11272,1.399111
11273,1.399111
11274,1.399070
11275,1.398854
11276,1.398854
11277,1.398854
11278,1.398854
11279,1.398693
11280,1.398532
11281,1.398495
11282,1.398495
11283,1.398445
11284,1.398445
11285,1.398445
11286,1.398433
11287,1.398420
11288,1.398420
11289,1.398420
11290,1.398420
11291,1.398420
11292,1.398268
11293,1.398268
11294,1.398266
11295,1.398264
11296,1.398264
11297,1.398264
11298,1.398264
11299,1.398264
11300,1.398264
11301,1.398075
11302,1.398072
11303,1.398015
11304,1.398015
11305,1.398000
11306,1.398000
11307,1.397968
11308,1.397947
11309,1.397947
11310,1.397936
11311,1.397928
11312,1.397928
11313,1.397906
11314,1.397906
11315,1.397867
11316,1.397786
11317,1.397786
11318,1.397786
11319,1.397786
11320,1.397786
11321,1.397706
11322,1.397706
11323,1.397706
11324,1.397680
11325,1.397680
11326,1.397673
11327,1.397660
11328,1.397660
11329,1.397660
11330,1.397532
11331,1.397532
11332,1.397488
11333,1.397488
11334,1.397488
11335,1.397417
11336,1.397186
11337,1.397186
11338,1.397186
11339,1.397113
11340,1.397092
11341,1.397092
11342,1.397092
11343,1.396892
11344,1.396842
11345,1.396842
11346,1.396783
11347,1.396719
11348,1.396663
11349,1.396573
11350,1.396573
11351,1.396513
11352,1.396456
11353,1.396406
11354,1.396353
11355,1.396353
11356,1.396298
11357,1.396298
11358,1.396261
11359,1.396261
11360,1.396261
11361,1.396261
11362,1.396261
11363,1.396261
11364,1.396231
11365,1.396117
11366,1.396117
11367,1.396117
11368,1.396111
11369,1.396101
11370,1.396090
11371,1.396090
11372,1.396090
11373,1.396090
11374,1.396090
11375,1.396090
11376,1.396090
11377,1.396090
11378,1.396090
11379,1.396090
11380,1.396090
11381,1.396083
11382,1.396040
11383,1.395831
11384,1.395831
11385,1.395831
11386,1.395831
11387,1.395831
11388,1.395831
11389,1.395788
11390,1.395586
11391,1.395586
11392,1.395586
11393,1.395579
11394,1.395579
11395,1.395579
11396,1.395579
11397,1.395579
11398,1.395579
11399,1.395579
11400,1.395538
11401,1.395415
11402,1.395387
11403,1.395231
11404,1.395201
11405,1.395201
11406,1.395118
11407,1.395080
11408,1.395080
11409,1.395080
11410,1.395064
11411,1.395063
11412,1.395063
11413,1.395051
11414,1.395051
11415,1.395051
11416,1.395051
11417,1.395051
11418,1.395051
11419,1.395051
11420,1.395017
11421,1.395017
11422,1.395017
11423,1.395017
11424,1.394946
11425,1.394946
11426,1.394946
11427,1.394946
11428,1.394946
11429,1.394933
11430,1.394879
11431,1.394875
11432,1.394875
11433,1.394844
11434,1.394844
11435,1.394844
11436,1.394758
11437,1.394742
11438,1.394711
11439,1.394500
11440,1.394500
11441,1.394500
11442,1.394465
11443,1.394465
11444,1.394465
11445,1.394410
11446,1.394410
11447,1.394410
11448,1.394410
11449,1.394410
11450,1.394385
11451,1.394385
11452,1.394385
11453,1.394287
11454,1.394287
11455,1.394233
11456,1.394214
11457,1.394214
11458,1.394214
11459,1.394214
11460,1.394214
11461,1.394074
11462,1.394074
11463,1.394074
11464,1.394074
11465,1.394035
11466,1.394035
11467,1.394035
11468,1.394035
11469,1.394035
11470,1.394018
11471,1.394018
11472,1.394018
11473,1.394012
11474,1.393988
11475,1.393988
11476,1.393988
11477,1.393988
11478,1.393982
11479,1.393982
11480,1.393982
11481,1.393947
11482,1.393837
11483,1.393837
11484,1.393837
11485,1.393792
11486,1.393792
11487,1.393792
11488,1.393792
11489,1.393692
11490,1.393624
11491,1.393487
11492,1.393487
11493,1.393487
11494,1.393456
11495,1.393456
11496,1.393420
11497,1.393420
11498,1.393420
11499,1.393420
11500,1.393420
11501,1.393290
11502,1.393290
11503,1.393290
11504,1.393290
11505,1.393202
11506,1.393202
11507,1.393202
11508,1.393183
11509,1.393183
11510,1.393143
11511,1.393044
11512,1.393044
11513,1.393044
11514,1.393044
11515,1.393024
11516,1.392969
11517,1.392969
11518,1.392969
11519,1.392969
11520,1.392969
11521,1.392969
11522,1.392925
11523,1.392925
11524,1.392925
11525,1.392925
11526,1.392735
11527,1.392735
11528,1.392735
11529,1.392735
11530,1.392735
11531,1.392735
11532,1.392695
11533,1.392695
11534,1.392645
11535,1.392645
11536,1.392601
11537,1.392601
11538,1.392601
11539,1.392601
11540,1.392601
11541,1.392584
11542,1.392584
11543,1.392485
11544,1.392444
11545,1.392417
11546,1.392417
11547,1.392417
11548,1.392417
11549,1.392417
11550,1.392417
11551,1.392345
11552,1.392345
11553,1.392296
11554,1.392296
11555,1.392283
11556,1.392283
11557,1.392283
11558,1.392280
11559,1.392219
11560,1.392150
11561,1.392133
11562,1.392131
11563,1.392112
11564,1.392096
11565,1.392096
11566,1.392096
11567,1.392096
11568,1.392096
11569,1.392096
11570,1.392096
11571,1.392096
11572,1.391936
11573,1.391936
11574,1.391936
11575,1.391854
11576,1.391854
11577,1.391781
11578,1.391704
11579,1.391675
11580,1.391675
11581,1.391575
11582,1.391575
11583,1.391547
11584,1.391484
11585,1.391416
11586,1.391416
11587,1.391416
11588,1.391416
11589,1.391416
11590,1.391416
11591,1.391349
11592,1.391250
11593,1.391044
11594,1.391044
11595,1.391044
11596,1.390981
11597,1.390981
11598,1.390981
11599,1.390960
11600,1.390960
11601,1.390960
11602,1.390960
11603,1.390960
11604,1.390926
11605,1.390867
11606,1.390805
11607,1.390805
11608,1.390805
11609,1.390805
11610,1.390805
11611,1.390805
11612,1.390805
11613,1.390686
11614,1.390612
11615,1.390612
11616,1.390612
11617,1.390612
11618,1.390491
11619,1.390491
11620,1.390491
11621,1.390450
11622,1.390450
11623,1.390450
11624,1.390349
11625,1.390349
11626,1.390298
11627,1.390277
11628,1.390272
11629,1.390245
11630,1.390245
11631,1.390107
11632,1.390107
11633,1.390107
11634,1.390107
11635,1.390107
11636,1.390107
11637,1.390107
11638,1.390107
11639,1.390061
11640,1.390055
11641,1.390055
11642,1.390040
11643,1.390040
11644,1.390040
11645,1.389985
11646,1.389985
11647,1.389896
11648,1.389846
11649,1.389822
11650,1.389822
11651,1.389649
11652,1.389649
11653,1.389559
11654,1.389559
11655,1.389559
11656,1.389532
11657,1.389532
11658,1.389532
11659,1.389532
11660,1.389532
11661,1.389532
11662,1.389532
11663,1.389458
11664,1.389458
11665,1.389458
11666,1.389458
11667,1.389458
11668,1.389458
11669,1.389429
11670,1.389378
11671,1.389378
11672,1.389378
11673,1.389378
11674,1.389378
11675,1.389378
11676,1.389378
11677,1.389326
11678,1.389326
11679,1.389326
11680,1.389277
11681,1.389277
11682,1.389277
11683,1.389156
11684,1.389156
11685,1.389156
11686,1.389095
11687,1.389094
11688,1.389028
11689,1.388987
11690,1.388987
11691,1.388948
11692,1.388943
11693,1.388830
11694,1.388622
11695,1.388622
11696,1.388611
11697,1.388515
11698,1.388515
11699,1.388433
11700,1.388406
11701,1.388387
11702,1.388365
11703,1.388347
11704,1.388347
11705,1.388347
11706,1.388347
11707,1.388347
11708,1.388347
11709,1.388347
11710,1.388283
11711,1.388224
11712,1.388224
11713,1.388224
11714,1.388224
11715,1.388224
11716,1.388142
11717,1.388142
11718,1.388142
11719,1.388142
11720,1.388071
11721,1.388071
11722,1.388071
11723,1.388028
11724,1.388028
11725,1.388028
11726,1.387903
11727,1.387903
11728,1.387903
11729,1.387851
11730,1.387851
11731,1.387851
11732,1.387851
11733,1.387817
11734,1.387817
11735,1.387770
11736,1.387770
11737,1.387686
11738,1.387683
11739,1.387667
11740,1.387667
11741,1.387584
11742,1.387584
11743,1.387584
11744,1.387516
11745,1.387516
11746,1.387516
11747,1.387516
11748,1.387516
11749,1.387516
11750,1.387516
11751,1.387516
11752,1.387516
11753,1.387429
11754,1.387398
11755,1.387398
11756,1.387398
11757,1.387398
11758,1.387334
11759,1.387334
11760,1.387334
11761,1.387334
11762,1.387273
11763,1.387236
11764,1.387222
11765,1.387175
11766,1.387175
11767,1.387175
11768,1.387129
11769,1.387080
11770,1.386943
11771,1.386943
11772,1.386943
11773,1.386943
11774,1.386943
11775,1.386943
11776,1.386943
11777,1.386814
11778,1.386814
11779,1.386814
11780,1.386814
11781,1.386814
11782,1.386768
11783,1.386768
11784,1.386768
11785,1.386768
11786,1.386768
11787,1.386665
11788,1.386665
11789,1.386665
11790,1.386658
11791,1.386658
11792,1.386596
11793,1.386596
11794,1.386596
11795,1.386596
11796,1.386540
11797,1.386500
11798,1.386500
11799,1.386387
11800,1.386387
11801,1.386387
11802,1.386387
11803,1.386351
11804,1.386331
11805,1.386331
11806,1.386331
11807,1.386326
11808,1.386326
11809,1.386326
11810,1.386281
11811,1.386281
11812,1.386281
11813,1.386281
11814,1.386281
11815,1.386131
11816,1.386131
11817,1.386131
11818,1.386128
11819,1.386095
11820,1.386095
11821,1.386054
11822,1.386054
11823,1.386054
11824,1.386054
11825,1.386015
11826,1.386015
11827,1.386015
11828,1.386015
11829,1.386015
11830,1.385816
11831,1.385816
11832,1.385816
11833,1.385816
11834,1.385816
11835,1.385765
11836,1.385704
11837,1.385704
11838,1.385660
11839,1.385644
11840,1.385497
11841,1.385497
11842,1.385497
11843,1.385497
11844,1.385497
11845,1.385466
11846,1.385442
11847,1.385387
11848,1.385387
11849,1.385316
11850,1.385316
11851,1.385246
11852,1.385134
11853,1.385054
11854,1.385054
11855,1.385054
11856,1.385033
11857,1.385033
11858,1.385033
11859,1.385033
11860,1.385033
11861,1.385033
11862,1.385033
11863,1.384959
11864,1.384959
11865,1.384918
11866,1.384865
11867,1.384865
11868,1.384823
11869,1.384823
11870,1.384823
11871,1.384823
11872,1.384823
11873,1.384823
11874,1.384823
11875,1.384823
11876,1.384823
11877,1.384823
11878,1.384823
11879,1.384823
11880,1.384823
11881,1.384823
11882,1.384823
11883,1.384770
11884,1.384770
11885,1.384750
11886,1.384750
11887,1.384750
11888,1.384750
11889,1.384750
11890,1.384711
11891,1.384711
11892,1.384711
11893,1.384711
11894,1.384711
11895,1.384539
11896,1.384539
11897,1.384539
11898,1.384539
11899,1.384521
11900,1.384510
11901,1.384510
11902,1.384510
11903,1.384510
11904,1.384510
11905,1.384510
11906,1.384456
11907,1.384456
11908,1.384370
11909,1.384335
11910,1.384259
11911,1.384259
11912,1.384259
11913,1.384259
11914,1.384225
11915,1.384225
11916,1.384141
11917,1.384060
11918,1.384053
11919,1.384025
11920,1.384025
11921,1.384002
11922,1.383996
11923,1.383996
11924,1.383996
11925,1.383996
11926,1.383841
11927,1.383757
11928,1.383757
11929,1.383664
11930,1.383659
11931,1.383583
11932,1.383583
11933,1.383579
11934,1.383564
11935,1.383449
11936,1.383433
11937,1.383401
11938,1.383401
11939,1.383401
11940,1.383401
11941,1.383401
11942,1.383318
11943,1.383202
11944,1.383202
11945,1.383202
11946,1.383099
11947,1.383099
11948,1.383099
11949,1.383099
11950,1.383082
11951,1.382921
11952,1.382881
11953,1.382881
11954,1.382800
11955,1.382800
11956,1.382723
11957,1.382714
11958,1.382700
11959,1.382627
11960,1.382627
11961,1.382627
11962,1.382562
11963,1.382562
11964,1.382516
11965,1.382460
11966,1.382460
11967,1.382460
11968,1.382460
11969,1.382460
11970,1.382460
11971,1.382440
11972,1.382383
11973,1.382383
11974,1.382383
11975,1.382258
11976,1.382258
11977,1.382258
11978,1.382222
11979,1.382209
11980,1.382125
11981,1.382125
11982,1.382108
11983,1.382007
11984,1.382007
11985,1.381894
11986,1.381894
11987,1.381894
11988,1.381803
11989,1.381803
11990,1.381750
11991,1.381750
11992,1.381744
11993,1.381604
11994,1.381557
11995,1.381557
11996,1.381557
11997,1.381557
11998,1.381547
11999,1.381547
12000,1.381532
12001,1.381337
12002,1.381337
12003,1.381337
12004,1.381325
12005,1.381325
12006,1.381325
12007,1.381325
12008,1.381257
12009,1.381208
12010,1.381102
12011,1.381102
12012,1.380969
12013,1.380969
12014,1.380969
12015,1.380933
12016,1.380855
12017,1.380855
12018,1.380855
12019,1.380855
12020,1.380758
12021,1.380758
12022,1.380758
12023,1.380758
12024,1.380703
12025,1.380698
12026,1.380698
12027,1.380561
12028,1.380561
12029,1.380561
12030,1.380526
12031,1.380526
12032,1.380413
12033,1.380256
12034,1.380256
12035,1.380256
12036,1.380256
12037,1.380256
12038,1.380256
12039,1.380256
12040,1.380256
12041,1.380256
12042,1.380219
12043,1.380219
12044,1.380105
12045,1.380062
12046,1.380045
12047,1.380045
12048,1.380045
12049,1.380045
12050,1.380045
12051,1.380045
12052,1.380040
12053,1.379953
12054,1.379953
12055,1.379953
12056,1.379953
12057,1.379953
12058,1.379946
12059,1.379934
12060,1.379934
12061,1.379804
12062,1.379778
12063,1.379778
12064,1.379778
12065,1.379778
12066,1.379761
12067,1.379761
12068,1.379666
12069,1.379666
12070,1.379666
12071,1.379578
12072,1.379547
12073,1.379547
12074,1.379547
12075,1.379547
12076,1.379547
12077,1.379547
12078,1.379420
12079,1.379396
12080,1.379396
12081,1.379189
12082,1.379189
12083,1.379189
12084,1.379180
12085,1.379180
12086,1.379156
12087,1.379156
12088,1.379156
12089,1.379156
12090,1.379156
12091,1.379156
12092,1.379155
12093,1.379146
12094,1.379146
12095,1.379037
12096,1.379037
12097,1.378973
12098,1.378943
12099,1.378943
12100,1.378862
12101,1.378784
12102,1.378728
12103,1.378728
12104,1.378728
12105,1.378721
12106,1.378721
12107,1.378721
12108,1.378721
12109,1.378721
12110,1.378711
12111,1.378711
12112,1.378682
12113,1.378682
12114,1.378682
12115,1.378620
12116,1.378620
12117,1.378620
12118,1.378620
12119,1.378620
12120,1.378583
12121,1.378583
12122,1.378527
12123,1.378527
12124,1.378486
12125,1.378362
12126,1.378362
12127,1.378362
12128,1.378263
12129,1.378263
12130,1.378263
12131,1.378207
12132,1.378207
12133,1.378171
12134,1.378171
12135,1.378171
12136,1.378171
12137,1.378142
12138,1.378142
12139,1.378142
12140,1.378142
12141,1.378142
12142,1.378073
12143,1.378055
12144,1.378055
12145,1.378038
12146,1.378038
12147,1.377951
12148,1.377860
12149,1.377844
12150,1.377785
12151,1.377785
12152,1.377785
12153,1.377785
12154,1.377785
12155,1.377785
12156,1.377767
12157,1.377767
12158,1.377767
12159,1.377767
12160,1.377767
12161,1.377767
12162,1.377719
12163,1.377676
12164,1.377676
12165,1.377652
12166,1.377550
12167,1.377550
12168,1.377550
12169,1.377550
12170,1.377535
12171,1.377496
12172,1.377496
12173,1.377496
12174,1.377486
12175,1.377486
12176,1.377443
12177,1.377443
12178,1.377443
12179,1.377443
12180,1.377443
12181,1.377336
12182,1.377336
12183,1.377292
12184,1.377292
12185,1.377292
12186,1.377292
12187,1.377292
12188,1.377292
12189,1.377292
12190,1.377292
12191,1.377292
12192,1.377208
12193,1.377208
12194,1.377158
12195,1.377158
12196,1.377158
12197,1.377158
12198,1.377158
12199,1.377158
12200,1.377158
12201,1.377158
12202,1.377158
12203,1.377158
12204,1.377158
12205,1.377158
12206,1.377104
12207,1.377064
12208,1.377064
12209,1.377034
12210,1.376890
12211,1.376890
12212,1.376778
12213,1.376778
12214,1.376759
12215,1.376759
12216,1.376759
12217,1.376759
12218,1.376759
12219,1.376719
12220,1.376710
12221,1.376710
12222,1.376710
12223,1.376650
12224,1.376630
12225,1.376630
12226,1.376612
12227,1.376612
12228,1.376612
12229,1.376612
12230,1.376580
12231,1.376576
12232,1.376576
12233,1.376525
12234,1.376525
12235,1.376520
12236,1.376519
12237,1.376503
12238,1.376503
12239,1.376390
12240,1.376240
12241,1.376193
12242,1.376193
12243,1.376193
12244,1.376193
12245,1.376193
12246,1.376193
12247,1.376193
12248,1.376193
12249,1.376193
12250,1.376170
12251,1.376170
12252,1.376055
12253,1.376055
12254,1.375939
12255,1.375723
12256,1.375723
12257,1.375723
12258,1.375723
12259,1.375687
12260,1.375660
12261,1.375660
12262,1.375660
12263,1.375640
12264,1.375640
12265,1.375625
12266,1.375625
12267,1.375625
12268,1.375625
12269,1.375625
12270,1.375625
12271,1.375625
12272,1.375620
12273,1.375541
12274,1.375517
12275,1.375517
12276,1.375517
12277,1.375517
12278,1.375388
12279,1.375388
12280,1.375361
12281,1.375323
12282,1.375246
12283,1.375246
12284,1.375246
12285,1.375246
12286,1.375246
12287,1.375124
12288,1.375124
12289,1.375124
12290,1.374956
12291,1.374948
12292,1.374937
12293,1.374936
12294,1.374928
12295,1.374873
12296,1.374873
12297,1.374873
12298,1.374873
12299,1.374810
12300,1.374761
12301,1.374735
12302,1.374671
12303,1.374671
12304,1.374671
12305,1.374671
12306,1.374671
12307,1.374671
12308,1.374664
12309,1.374664
12310,1.374664
12311,1.374636
12312,1.374620
12313,1.374620
12314,1.374620
12315,1.374546
12316,1.374477
12317,1.374477
12318,1.374462
12319,1.374444
12320,1.374444
12321,1.374444
12322,1.374444
12323,1.374444
12324,1.374260
12325,1.374246
12326,1.374231
12327,1.374231
12328,1.374127
12329,1.374066
12330,1.374066
12331,1.373996
12332,1.373952
12333,1.373871
12334,1.373871
12335,1.373871
12336,1.373871
12337,1.373760
12338,1.373760
12339,1.373760
12340,1.373760
12341,1.373703
12342,1.373664
12343,1.373664
12344,1.373664
12345,1.373664
12346,1.373645
12347,1.373601
12348,1.373601
12349,1.373601
12350,1.373601
12351,1.373595
12352,1.373595
12353,1.373595
12354,1.373530
12355,1.373530
12356,1.373530
12357,1.373530
12358,1.373530
12359,1.373530
12360,1.373373
12361,1.373298
12362,1.373226
12363,1.373226
12364,1.373226
12365,1.373226
12366,1.373226
12367,1.373226
12368,1.373226
12369,1.373226
12370,1.373226
12371,1.373226
12372,1.373111
12373,1.373111
12374,1.373047
12375,1.373047
12376,1.373047
12377,1.373023
12378,1.372984
12379,1.372984
12380,1.372942
12381,1.372942
12382,1.372880
12383,1.372880
12384,1.372880
12385,1.372818
12386,1.372785
12387,1.372785
12388,1.372678
12389,1.372678
12390,1.372678
12391,1.372505
12392,1.372505
12393,1.372500
12394,1.372500
12395,1.372500
12396,1.372500
12397,1.372500
12398,1.372500
12399,1.372468
12400,1.372468
12401,1.372468
12402,1.372404
12403,1.372195
12404,1.372195
12405,1.372195
12406,1.372089
12407,1.371957
12408,1.371957
12409,1.371957
12410,1.371957
12411,1.371957
12412,1.371957
12413,1.371957
12414,1.371957
12415,1.371957
12416,1.371888
12417,1.371888
12418,1.371832
12419,1.371832
12420,1.371829
12421,1.371829
12422,1.371829
12423,1.371829
12424,1.371829
12425,1.371804
12426,1.371804
12427,1.371804
12428,1.371751
12429,1.371751
12430,1.371751
12431,1.371751
12432,1.371639
12433,1.371639
12434,1.371639
12435,1.371561
12436,1.371561
12437,1.371561
12438,1.371561
12439,1.371561
12440,1.371561
12441,1.371561
12442,1.371561
12443,1.371523
12444,1.371523
12445,1.371523
12446,1.371523
12447,1.371523
12448,1.371397
12449,1.371285
12450,1.371285
12451,1.371240
12452,1.371240
12453,1.371240
12454,1.371233
12455,1.371162
12456,1.371085
12457,1.371085
12458,1.371085
12459,1.371085
12460,1.371085
12461,1.371085
12462,1.371004
12463,1.371004
12464,1.371004
12465,1.371004
12466,1.371004
12467,1.371001
12468,1.371001
12469,1.371001
12470,1.371001
12471,1.370920
12472,1.370920
12473,1.370920
12474,1.370920
12475,1.370920
12476,1.370920
12477,1.370920
12478,1.370852
12479,1.370839
12480,1.370787
12481,1.370787
12482,1.370787
12483,1.370787
12484,1.370787
12485,1.370776
12486,1.370776
12487,1.370776
12488,1.370768
12489,1.370760
12490,1.370700
12491,1.370600
12492,1.370600
12493,1.370600
12494,1.370600
12495,1.370600
12496,1.370600
12497,1.370600
12498,1.370550
12499,1.370506
12500,1.370429
12501,1.370424
12502,1.370424
12503,1.370424
12504,1.370424
12505,1.370364
12506,1.370361
12507,1.370279
12508,1.370279
12509,1.370150
12510,1.370150
12511,1.370150
12512,1.370105
12513,1.370087
12514,1.370083
12515,1.370033
12516,1.370033
12517,1.370017
12518,1.369975
12519,1.369966
12520,1.369966
12521,1.369907
12522,1.369907
12523,1.369907
12524,1.369907
12525,1.369907
12526,1.369905
12527,1.369905
12528,1.369894
12529,1.369894
12530,1.369894
12531,1.369894
12532,1.369894
12533,1.369894
12534,1.369811
12535,1.369811
12536,1.369811
12537,1.369776
12538,1.369727
12539,1.369716
12540,1.369572
12541,1.369508
12542,1.369508
12543,1.369508
12544,1.369508
12545,1.369508
12546,1.369477
12547,1.369477
12548,1.369389
12549,1.369389
12550,1.369389
12551,1.369357
12552,1.369344
12553,1.369344
12554,1.369344
12555,1.369223
12556,1.369223
12557,1.369131
12558,1.369131
12559,1.369131
12560,1.369131
12561,1.368947
12562,1.368947
12563,1.368947
12564,1.368947
12565,1.368947
12566,1.368941
12567,1.368898
12568,1.368898
12569,1.368898
12570,1.368877
12571,1.368858
12572,1.368858
12573,1.368858
12574,1.368858
12575,1.368832
12576,1.368832
12577,1.368832
12578,1.368797
12579,1.368797
12580,1.368755
12581,1.368755
12582,1.368755
12583,1.368755
12584,1.368755
12585,1.368755
12586,1.368755
12587,1.368755
12588,1.368755
12589,1.368755
12590,1.368755
12591,1.368755
12592,1.368621
12593,1.368621
12594,1.368621
12595,1.368621
12596,1.368556
12597,1.368513
12598,1.368485
12599,1.368485
12600,1.368485
12601,1.368455
12602,1.368409
12603,1.368363
12604,1.368363
12605,1.368295
12606,1.368166
12607,1.368166
12608,1.368037
12609,1.368037
12610,1.368037
12611,1.368037
12612,1.368037
12613,1.368037
12614,1.368037
12615,1.367895
12616,1.367793
12617,1.367778
12618,1.367655
12619,1.367655
12620,1.367530
12621,1.367523
12622,1.367371
12623,1.367371
12624,1.367306
12625,1.367306
12626,1.367306
12627,1.367306
12628,1.367306
12629,1.367306
12630,1.367306
12631,1.367306
12632,1.367306
12633,1.367306
12634,1.367287
12635,1.367266
12636,1.367266
12637,1.367220
12638,1.367220
12639,1.367220
12640,1.367220
12641,1.367220
12642,1.367220
12643,1.367220
12644,1.367220
12645,1.367220
12646,1.367107
12647,1.367097
12648,1.367096
12649,1.367053
12650,1.367023
12651,1.366995
12652,1.366995
12653,1.366995
12654,1.366995
12655,1.366995
12656,1.366968
12657,1.366896
12658,1.366887
12659,1.366887
12660,1.366887
12661,1.366887
12662,1.366887
12663,1.366869
12664,1.366869
12665,1.366851
12666,1.366851
12667,1.366851
12668,1.366671
12669,1.366671
12670,1.366671
12671,1.366655
12672,1.366540
12673,1.366540
12674,1.366540
12675,1.366522
12676,1.366522
12677,1.366521
12678,1.366521
12679,1.366521
12680,1.366463
12681,1.366463
12682,1.366463
12683,1.366463
12684,1.366463
12685,1.366346
12686,1.366346
12687,1.366346
12688,1.366346
12689,1.366289
12690,1.366289
12691,1.366289
12692,1.366216
12693,1.366216
12694,1.366216
12695,1.366216
12696,1.366184
12697,1.366132
12698,1.366132
12699,1.366108
12700,1.366108
12701,1.366108
12702,1.366065
12703,1.366065
12704,1.366065
12705,1.366065
12706,1.366065
12707,1.366013
12708,1.366013
12709,1.365970
12710,1.365970
12711,1.365853
12712,1.365814
12713,1.365814
12714,1.365735
12715,1.365668
12716,1.365638
12717,1.365622
12718,1.365561
12719,1.365561
12720,1.365561
12721,1.365561
12722,1.365561
12723,1.365561
12724,1.365561
12725,1.365541
12726,1.365519
12727,1.365519
12728,1.365519
12729,1.365431
12730,1.365431
12731,1.365431
12732,1.365431
12733,1.365431
12734,1.365431
12735,1.365431
12736,1.365254
12737,1.365145
12738,1.365145
12739,1.365145
12740,1.365145
12741,1.365145
12742,1.365145
12743,1.365145
12744,1.365145
12745,1.365145
12746,1.365118
12747,1.364990
12748,1.364953
12749,1.364947
12750,1.364947
12751,1.364947
12752,1.364947
12753,1.364947
12754,1.364947
12755,1.364947
12756,1.364947
12757,1.364900
12758,1.364900
12759,1.364900
12760,1.364897
12761,1.364806
12762,1.364806
12763,1.364790
12764,1.364757
12765,1.364709
12766,1.364674
12767,1.364512
12768,1.364512
12769,1.364412
12770,1.364292
12771,1.364290
12772,1.364290
12773,1.364290
12774,1.364290
12775,1.364168
12776,1.364115
12777,1.364109
12778,1.364109
12779,1.364056
12780,1.364051
12781,1.364051
12782,1.363971
12783,1.363971
12784,1.363971
12785,1.363971
12786,1.363971
12787,1.363942
12788,1.363942
12789,1.363919
12790,1.363858
12791,1.363856
12792,1.363856
12793,1.363856
12794,1.363856
12795,1.363856
12796,1.363775
12797,1.363775
12798,1.363775
12799,1.363775
12800,1.363709
12801,1.363709
12802,1.363709
12803,1.363709
12804,1.363709
12805,1.363709
12806,1.363637
12807,1.363637
12808,1.363637
12809,1.363637
12810,1.363572
12811,1.363572
12812,1.363532
12813,1.363532
12814,1.363516
12815,1.363516
12816,1.363516
12817,1.363516
12818,1.363516
12819,1.363507
12820,1.363507
12821,1.363507
12822,1.363507
12823,1.363507
12824,1.363507
12825,1.363507
12826,1.363507
12827,1.363507
12828,1.363507
12829,1.363507
12830,1.363507
12831,1.363414
12832,1.363414
12833,1.363414
12834,1.363377
12835,1.363350
12836,1.363319
12837,1.363164
12838,1.363164
12839,1.363164
12840,1.363164
12841,1.363101
12842,1.363069
12843,1.363035
12844,1.363028
12845,1.363028
12846,1.362998
12847,1.362998
12848,1.362863
12849,1.362863
12850,1.362863
12851,1.362837
12852,1.362770
12853,1.362770
12854,1.362770
12855,1.362770
12856,1.362729
12857,1.362729
12858,1.362719
12859,1.362705
12860,1.362705
12861,1.362705
12862,1.362705
12863,1.362705
12864,1.362625
12865,1.362625
12866,1.362625
12867,1.362502
12868,1.362451
12869,1.362424
12870,1.362424
12871,1.362424
12872,1.362361
12873,1.362361
12874,1.362317
12875,1.362317
12876,1.362189
12877,1.362075
12878,1.362019
12879,1.361994
12880,1.361994
12881,1.361994
12882,1.361930
12883,1.361930
12884,1.361930
12885,1.361726
12886,1.361726
12887,1.361726
12888,1.361726
12889,1.361726
12890,1.361726
12891,1.361726
12892,1.361726
12893,1.361704
12894,1.361644
12895,1.361644
12896,1.361644
12897,1.361504
12898,1.361504
12899,1.361504
12900,1.361504
12901,1.361475
12902,1.361464
12903,1.361452
12904,1.361452
12905,1.361452
12906,1.361452
12907,1.361452
12908,1.361450
12909,1.361404
12910,1.361404
12911,1.361375
12912,1.361375
12913,1.361375
12914,1.361375
12915,1.361321
12916,1.361321
12917,1.361321
12918,1.361295
12919,1.361234
12920,1.361234
12921,1.361160
12922,1.361160
12923,1.361160
12924,1.361160
12925,1.361160
12926,1.361137
12927,1.361137
12928,1.361137
12929,1.361071
12930,1.361071
12931,1.361071
12932,1.361071
12933,1.361071
12934,1.360982
12935,1.360898
12936,1.360898
12937,1.360819
12938,1.360819
12939,1.360819
12940,1.360819
12941,1.360819
12942,1.360756
12943,1.360687
12944,1.360687
12945,1.360687
12946,1.360687
12947,1.360641
12948,1.360641
12949,1.360641
12950,1.360641
12951,1.360641
12952,1.360631
12953,1.360631
12954,1.360631
12955,1.360631
12956,1.360476
12957,1.360476
12958,1.360433
12959,1.360391
12960,1.360391
12961,1.360391
12962,1.360341
12963,1.360341
12964,1.360290
12965,1.360290
12966,1.360290
12967,1.360290
12968,1.360290
12969,1.360290
12970,1.360264
12971,1.360233
12972,1.360012
12973,1.360012
12974,1.360012
12975,1.360012
12976,1.359915
12977,1.359915
12978,1.359868
12979,1.359797
12980,1.359738
12981,1.359738
12982,1.359650
12983,1.359650
12984,1.359650
12985,1.359650
12986,1.359530
12987,1.359530
12988,1.359447
12989,1.359447
12990,1.359447
12991,1.359445
12992,1.359445
12993,1.359354
12994,1.359353
12995,1.359353
12996,1.359353
12997,1.359353
12998,1.359353
12999,1.359328
13000,1.359324
13001,1.359324
13002,1.359324
13003,1.359284
13004,1.359284
13005,1.359284
13006,1.359284
13007,1.359284
13008,1.359284
13009,1.359284
13010,1.359254
13011,1.359073
13012,1.358916
13013,1.358916
13014,1.358900
13015,1.358900
13016,1.358900
13017,1.358869
13018,1.358869
13019,1.358865
13020,1.358865
13021,1.358865
13022,1.358743
13023,1.358723
13024,1.358723
13025,1.358723
13026,1.358723
13027,1.358723
13028,1.358723
13029,1.358723
13030,1.358723
13031,1.358711
13032,1.358645
13033,1.358645
13034,1.358645
13035,1.358623
13036,1.358623
13037,1.358594
13038,1.358594
13039,1.358594
13040,1.358594
13041,1.358594
13042,1.358594
13043,1.358508
13044,1.358508
13045,1.358508
13046,1.358382
13047,1.358357
13048,1.358357
13049,1.358357
13050,1.358248
13051,1.358248
13052,1.358211
13053,1.358211
13054,1.358165
13055,1.358165
13056,1.358161
13057,1.358161
13058,1.358127
13059,1.358127
13060,1.358040
13061,1.358040
13062,1.358029
13063,1.357971
13064,1.357971
13065,1.357966
13066,1.357966
13067,1.357930
13068,1.357930
13069,1.357930
13070,1.357930
13071,1.357930
13072,1.357837
13073,1.357776
13074,1.357776
13075,1.357766
13076,1.357660
13077,1.357660
13078,1.357647
13079,1.357647
13080,1.357636
13081,1.357621
13082,1.357621
13083,1.357621
13084,1.357621
13085,1.357621
13086,1.357621
13087,1.357595
13088,1.357595
13089,1.357563
13090,1.357563
13091,1.357563
13092,1.357563
13093,1.357487
13094,1.357487
13095,1.357487
13096,1.357487
13097,1.357487
13098,1.357487
13099,1.357487
13100,1.357487
13101,1.357487
13102,1.357487
13103,1.357487
13104,1.357487
13105,1.357315
13106,1.357315
13107,1.357315
13108,1.357315
13109,1.357315
13110,1.357315
13111,1.357293
13112,1.357293
13113,1.357197
13114,1.357197
13115,1.357197
13116,1.357197
13117,1.357147
13118,1.357147
13119,1.356976
13120,1.356976
13121,1.356976
13122,1.356954
13123,1.356954
13124,1.356910
13125,1.356910
13126,1.356910
13127,1.356910
13128,1.356910
13129,1.356797
13130,1.356797
13131,1.356797
13132,1.356797
13133,1.356797
13134,1.356797
13135,1.356764
13136,1.356764
13137,1.356764
13138,1.356763
13139,1.356763
13140,1.356763
13141,1.356763
13142,1.356763
13143,1.356763
13144,1.356763
13145,1.356763
13146,1.356763
13147,1.356763
13148,1.356763
13149,1.356739
13150,1.356739
13151,1.356739
13152,1.356739
13153,1.356679
13154,1.356679
13155,1.356677
13156,1.356677
13157,1.356677
13158,1.356577
13159,1.356545
13160,1.356545
13161,1.356545
13162,1.356545
13163,1.356545
13164,1.356545
13165,1.356452
13166,1.356309
13167,1.356245
13168,1.356245
13169,1.356237
13170,1.356237
13171,1.356224
13172,1.356202
13173,1.356202
13174,1.356202
13175,1.356202
13176,1.356149
13177,1.356149
13178,1.356034
13179,1.355969
13180,1.355936
13181,1.355913
13182,1.355913
13183,1.355898
13184,1.355743
13185,1.355743
13186,1.355743
13187,1.355627
13188,1.355627
13189,1.355627
13190,1.355627
13191,1.355547
13192,1.355483
13193,1.355483
13194,1.355391
13195,1.355391
13196,1.355364
13197,1.355364
13198,1.355351
13199,1.355351
13200,1.355351
13201,1.355351
13202,1.355287
13203,1.355287
13204,1.355287
13205,1.355287
13206,1.355287
13207,1.355287
13208,1.355278
13209,1.355222
13210,1.355222
13211,1.355125
13212,1.355125
13213,1.355125
13214,1.355045
13215,1.354912
13216,1.354911
13217,1.354862
13218,1.354862
13219,1.354807
13220,1.354807
13221,1.354807
13222,1.354770
13223,1.354744
13224,1.354744
13225,1.354744
13226,1.354744
13227,1.354744
13228,1.354744
13229,1.354744
13230,1.354744
13231,1.354584
13232,1.354565
13233,1.354565
13234,1.354565
13235,1.354479
13236,1.354367
13237,1.354367
13238,1.354311
13239,1.354298
13240,1.354298
13241,1.354298
13242,1.354227
13243,1.354227
13244,1.354227
13245,1.354224
13246,1.354224
13247,1.354221
13248,1.354221
13249,1.354191
13250,1.354191
13251,1.354191
13252,1.354191
13253,1.354191
13254,1.354191
13255,1.354191
13256,1.354056
13257,1.354056
13258,1.354056
13259,1.354056
13260,1.354056
13261,1.354056
13262,1.353916
13263,1.353916
13264,1.353916
13265,1.353836
13266,1.353836
13267,1.353836
13268,1.353836
13269,1.353836
13270,1.353811
13271,1.353811
13272,1.353747
13273,1.353747
13274,1.353747
13275,1.353689
13276,1.353689
13277,1.353582
13278,1.353546
13279,1.353418
13280,1.353418
13281,1.353418
13282,1.353418
13283,1.353418
13284,1.353393
13285,1.353393
13286,1.353344
13287,1.353343
13288,1.353343
13289,1.353310
13290,1.353209
13291,1.353209
13292,1.353086
13293,1.353086
13294,1.353086
13295,1.353086
13296,1.352983
13297,1.352983
13298,1.352983
13299,1.352983
13300,1.352852
13301,1.352852
13302,1.352773
13303,1.352692
13304,1.352692
13305,1.352687
13306,1.352687
13307,1.352687
13308,1.352687
13309,1.352687
13310,1.352599
13311,1.352594
13312,1.352594
13313,1.352580
13314,1.352568
13315,1.352568
13316,1.352445
13317,1.352342
13318,1.352323
13319,1.352323
13320,1.352323
13321,1.352320
13322,1.352277
13323,1.352209
13324,1.352168
13325,1.352093
13326,1.352093
13327,1.352038
13328,1.351902
13329,1.351902
13330,1.351871
13331,1.351796
13332,1.351729
13333,1.351729
13334,1.351729
13335,1.351676
13336,1.351657
13337,1.351657
13338,1.351657
13339,1.351657
13340,1.351512
13341,1.351512
13342,1.351512
13343,1.351469
13344,1.351445
13345,1.351324
13346,1.351324
13347,1.351324
13348,1.351206
13349,1.351115
13350,1.351115
13351,1.351049
13352,1.351049
13353,1.351042
13354,1.351042
13355,1.350999
13356,1.350991
13357,1.350991
13358,1.350946
13359,1.350946
13360,1.350946
13361,1.350946
13362,1.350900
13363,1.350857
13364,1.350857
13365,1.350857
13366,1.350857
13367,1.350857
13368,1.350826
13369,1.350826
13370,1.350826
13371,1.350826
13372,1.350795
13373,1.350795
13374,1.350795
13375,1.350795
13376,1.350795
13377,1.350713
13378,1.350713
13379,1.350706
13380,1.350706
13381,1.350658
13382,1.350657
13383,1.350629
13384,1.350629
13385,1.350629
13386,1.350629
13387,1.350612
13388,1.350612
13389,1.350612
13390,1.350612
13391,1.350554
13392,1.350554
13393,1.350554
13394,1.350524
13395,1.350503
13396,1.350503
13397,1.350503
13398,1.350292
13399,1.350292
13400,1.350292
13401,1.350269
13402,1.350269
13403,1.350255
13404,1.350141
13405,1.350111
13406,1.349899
13407,1.349899
13408,1.349824
13409,1.349795
13410,1.349795
13411,1.349720
13412,1.349667
13413,1.349629
13414,1.349629
13415,1.349573
13416,1.349573
13417,1.349572
13418,1.349572
13419,1.349572
13420,1.349572
13421,1.349572
13422,1.349572
13423,1.349507
13424,1.349507
13425,1.349460
13426,1.349441
13427,1.349441
13428,1.349377
13429,1.349298
13430,1.349298
13431,1.349237
13432,1.349189
13433,1.349123
13434,1.349106
13435,1.348990
13436,1.348990
13437,1.348990
13438,1.348941
13439,1.348941
13440,1.348941
13441,1.348913
13442,1.348913
13443,1.348913
13444,1.348873
13445,1.348873
13446,1.348873
13447,1.348873
13448,1.348873
13449,1.348873
13450,1.348873
13451,1.348873
13452,1.348796
13453,1.348791
13454,1.348791
13455,1.348791
13456,1.348791
13457,1.348791
13458,1.348767
13459,1.348767
13460,1.348767
13461,1.348767
13462,1.348767
13463,1.348767
13464,1.348766
13465,1.348735
13466,1.348735
13467,1.348712
13468,1.348683
13469,1.348683
13470,1.348652
13471,1.348588
13472,1.348588
13473,1.348588
13474,1.348588
13475,1.348588
13476,1.348508
13477,1.348462
13478,1.348418
13479,1.348397
13480,1.348397
13481,1.348397
13482,1.348349
13483,1.348349
13484,1.348295
13485,1.348295
13486,1.348287
13487,1.348287
13488,1.348282
13489,1.348282
13490,1.348282
13491,1.348282
13492,1.348202
13493,1.348202
13494,1.348202
13495,1.348202
13496,1.348202
13497,1.348202
13498,1.348109
13499,1.348109
13500,1.348073
13501,1.348073
13502,1.348073
13503,1.348073
13504,1.348073
13505,1.348060
13506,1.348042
13507,1.348042
13508,1.348003
13509,1.348003
13510,1.347948
13511,1.347848
13512,1.347848
13513,1.347789
13514,1.347769
13515,1.347769
13516,1.347769
13517,1.347769
13518,1.347760
13519,1.347760
13520,1.347760
13521,1.347760
13522,1.347760
13523,1.347754
13524,1.347614
13525,1.347589
13526,1.347589
13527,1.347589
13528,1.347589
13529,1.347589
13530,1.347589
13531,1.347589
13532,1.347589
13533,1.347589
13534,1.347580
13535,1.347476
13536,1.347476
13537,1.347476
13538,1.347476
13539,1.347476
13540,1.347476
13541,1.347421
13542,1.347421
13543,1.347421
13544,1.347421
13545,1.347421
13546,1.347421
13547,1.347380
13548,1.347372
13549,1.347304
13550,1.347304
13551,1.347165
13552,1.347165
13553,1.347165
13554,1.347165
13555,1.347147
13556,1.347140
13557,1.347140
13558,1.347132
13559,1.347132
13560,1.347132
13561,1.347132
13562,1.347132
13563,1.347132
13564,1.347132
13565,1.347132
13566,1.347124
13567,1.346970
13568,1.346970
13569,1.346961
13570,1.346961
13571,1.346961
13572,1.346882
13573,1.346882
13574,1.346882
13575,1.346875
13576,1.346875
13577,1.346875
13578,1.346875
13579,1.346791
13580,1.346669
13581,1.346636
13582,1.346578
13583,1.346536
13584,1.346468
13585,1.346468
13586,1.346468
13587,1.346468
13588,1.346468
13589,1.346468
13590,1.346466
13591,1.346410
13592,1.346323
13593,1.346323
13594,1.346275
13595,1.346275
13596,1.346213
13597,1.346159
13598,1.346159
13599,1.346159
13600,1.346158
13601,1.346065
13602,1.346065
13603,1.346065
13604,1.346065
13605,1.345893
13606,1.345893
13607,1.345893
13608,1.345893
13609,1.345874
13610,1.345874
13611,1.345874
13612,1.345874
13613,1.345874
13614,1.345874
13615,1.345874
13616,1.345777
13617,1.345777
13618,1.345777
13619,1.345777
13620,1.345777
13621,1.345733
13622,1.345733
13623,1.345733
13624,1.345722
13625,1.345722
13626,1.345630
13627,1.345630
13628,1.345630
13629,1.345571
13630,1.345566
13631,1.345566
13632,1.345451
13633,1.345451
13634,1.345451
13635,1.345451
13636,1.345451
13637,1.345423
13638,1.345423
13639,1.345423
13640,1.345413
13641,1.345413
13642,1.345354
13643,1.345354
13644,1.345247
13645,1.345247
13646,1.345247
13647,1.345184
13648,1.345184
13649,1.345184
13650,1.345184
13651,1.345184
13652,1.345149
13653,1.345129
13654,1.345102
13655,1.345098
13656,1.345098
13657,1.344996
13658,1.344996
13659,1.344939
13660,1.344939
13661,1.344835
13662,1.344772
13663,1.344772
13664,1.344676
13665,1.344676
13666,1.344676
13667,1.344676
13668,1.344617
13669,1.344525
13670,1.344385
13671,1.344385
13672,1.344385
13673,1.344385
13674,1.344347
13675,1.344347
13676,1.344347
13677,1.344347
13678,1.344298
13679,1.344298
13680,1.344291
13681,1.344291
13682,1.344291
13683,1.344291
13684,1.344287
13685,1.344287
13686,1.344287
13687,1.344287
13688,1.344247
13689,1.344247
13690,1.344184
13691,1.344125
13692,1.344083
13693,1.344083
13694,1.344083
13695,1.344083
13696,1.344080
13697,1.343972
13698,1.343972
13699,1.343905
13700,1.343905
13701,1.343905
13702,1.343905
13703,1.343905
13704,1.343905
13705,1.343865
13706,1.343743
13707,1.343743
13708,1.343743
13709,1.343743
13710,1.343674
13711,1.343557
13712,1.343536
13713,1.343491
13714,1.343467
13715,1.343467
13716,1.343467
13717,1.343467
13718,1.343467
13719,1.343467
13720,1.343400
13721,1.343349
13722,1.343347
13723,1.343347
13724,1.343279
13725,1.343279
13726,1.343279
13727,1.343279
13728,1.343253
13729,1.343253
13730,1.343253
13731,1.343219
13732,1.343219
13733,1.343119
13734,1.342999
13735,1.342999
13736,1.342999
13737,1.342999
13738,1.342999
13739,1.342979
13740,1.342968
13741,1.342968
13742,1.342968
13743,1.342968
13744,1.342964
13745,1.342964
13746,1.342937
13747,1.342937
13748,1.342937
13749,1.342937
13750,1.342865
13751,1.342865
13752,1.342865
13753,1.342865
13754,1.342817
13755,1.342817
13756,1.342817
13757,1.342795
13758,1.342795
13759,1.342795
13760,1.342795
13761,1.342795
13762,1.342720
13763,1.342705
13764,1.342705
13765,1.342705
13766,1.342512
13767,1.342512
13768,1.342512
13769,1.342467
13770,1.342467
13771,1.342441
13772,1.342441
13773,1.342441
13774,1.342441
13775,1.342426
13776,1.342426
13777,1.342414
13778,1.342414
13779,1.342414
13780,1.342414
13781,1.342414
13782,1.342414
13783,1.342414
13784,1.342414
13785,1.342414
13786,1.342412
13787,1.342405
13788,1.342405
13789,1.342386
13790,1.342366
13791,1.342334
13792,1.342206
13793,1.342181
13794,1.342181
13795,1.342123
13796,1.342117
13797,1.342117
13798,1.342075
13799,1.342075
13800,1.342075
13801,1.342075
13802,1.342075
13803,1.342075
13804,1.342075
13805,1.341973
13806,1.341973
13807,1.341969
13808,1.341969
13809,1.341952
13810,1.341948
13811,1.341948
13812,1.341939
13813,1.341939
13814,1.341939
13815,1.341939
13816,1.341939
13817,1.341939
13818,1.341939
13819,1.341888
13820,1.341888
13821,1.341851
13822,1.341851
13823,1.341851
13824,1.341846
13825,1.341846
13826,1.341846
13827,1.341846
13828,1.341794
13829,1.341773
13830,1.341773
13831,1.341769
13832,1.341694
13833,1.341694
13834,1.341615
13835,1.341615
13836,1.341605
13837,1.341605
13838,1.341506
13839,1.341506
13840,1.341506
13841,1.341506
13842,1.341461
13843,1.341428
13844,1.341428
13845,1.341428
13846,1.341416
13847,1.341389
13848,1.341389
13849,1.341389
13850,1.341389
13851,1.341389
13852,1.341389
13853,1.341389
13854,1.341389
13855,1.341389
13856,1.341353
13857,1.341258
13858,1.341258
13859,1.341258
13860,1.341124
13861,1.341124
13862,1.341124
13863,1.341107
13864,1.341107
13865,1.341107
13866,1.341107
13867,1.341044
13868,1.341044
13869,1.340977
13870,1.340892
13871,1.340892
13872,1.340892
13873,1.340892
13874,1.340892
13875,1.340892
13876,1.340892
13877,1.340892
13878,1.340892
13879,1.340892
13880,1.340892
13881,1.340892
13882,1.340883
13883,1.340883
13884,1.340883
13885,1.340839
13886,1.340839
13887,1.340839
13888,1.340699
13889,1.340699
13890,1.340699
13891,1.340624
13892,1.340610
13893,1.340531
13894,1.340531
13895,1.340531
13896,1.340531
13897,1.340531
13898,1.340531
13899,1.340531
13900,1.340432
13901,1.340432
13902,1.340404
13903,1.340384
13904,1.340348
13905,1.340217
13906,1.340217
13907,1.340217
13908,1.340214
13909,1.340214
13910,1.340214
13911,1.340214
13912,1.340004
13913,1.339965
13914,1.339965
13915,1.339940
13916,1.339803
13917,1.339803
13918,1.339727
13919,1.339710
13920,1.339710
13921,1.339710
13922,1.339623
13923,1.339617
13924,1.339597
13925,1.339597
13926,1.339597
13927,1.339597
13928,1.339583
13929,1.339561
13930,1.339561
13931,1.339558
13932,1.339558
13933,1.339553
13934,1.339553
13935,1.339553
13936,1.339553
13937,1.339478
13938,1.339478
13939,1.339454
13940,1.339454
13941,1.339454
13942,1.339454
13943,1.339454
13944,1.339454
13945,1.339304
13946,1.339304
13947,1.339287
13948,1.339231
13949,1.339231
13950,1.339226
13951,1.339226
13952,1.339226
13953,1.339149
13954,1.339006
13955,1.338908
13956,1.338842
13957,1.338794
13958,1.338794
13959,1.338789
13960,1.338789
13961,1.338789
13962,1.338681
13963,1.338681
13964,1.338638
13965,1.338638
13966,1.338638
13967,1.338615
13968,1.338548
13969,1.338548
13970,1.338548
13971,1.338381
13972,1.338258
13973,1.338258
13974,1.338258
13975,1.338243
13976,1.338165
13977,1.338071
13978,1.338022
13979,1.338022
13980,1.338022
13981,1.338022
13982,1.338022
13983,1.337998
13984,1.337935
13985,1.337935
13986,1.337904
13987,1.337904
13988,1.337904
13989,1.337839
13990,1.337776
13991,1.337776
13992,1.337776
13993,1.337776
13994,1.337705
13995,1.337705
13996,1.337705
13997,1.337705
13998,1.337705
13999,1.337594
14000,1.337589
14001,1.337578
14002,1.337578
14003,1.337578
14004,1.337578
14005,1.337565
14006,1.337467
14007,1.337467
14008,1.337340
14009,1.337340
14010,1.337340
14011,1.337329
14012,1.337329
14013,1.337329
14014,1.337329
14015,1.337329
14016,1.337329
14017,1.337329
14018,1.337328
14019,1.337328
14020,1.337328
14021,1.337328
14022,1.337328
14023,1.337197
14024,1.337114
14025,1.337114
14026,1.337046
14027,1.337046
14028,1.336997
14029,1.336869
14030,1.336801
14031,1.336801
14032,1.336783
14033,1.336740
14034,1.336649
14035,1.336571
14036,1.336571
14037,1.336571
14038,1.336571
14039,1.336571
14040,1.336571
14041,1.336571
14042,1.336571
14043,1.336524
14044,1.336524
14045,1.336455
14046,1.336455
14047,1.336408
14048,1.336408
14049,1.336408
14050,1.336408
14051,1.336408
14052,1.336401
14053,1.336401
14054,1.336401
14055,1.336401
14056,1.336401
14057,1.336401
14058,1.336401
14059,1.336401
14060,1.336401
14061,1.336401
14062,1.336329
14063,1.336329
14064,1.336329
14065,1.336146
14066,1.336146
14067,1.336118
14068,1.336110
14069,1.336110
14070,1.336044
14071,1.336044
14072,1.336044
14073,1.335984
14074,1.335984
14075,1.335961
14076,1.335961
14077,1.335961
14078,1.335925
14079,1.335925
14080,1.335904
14081,1.335904
14082,1.335904
14083,1.335869
14084,1.335783
14085,1.335783
14086,1.335783
14087,1.335783
14088,1.335734
14089,1.335734
14090,1.335734
14091,1.335734
14092,1.335734
14093,1.335631
14094,1.335631
14095,1.335631
14096,1.335631
14097,1.335510
14098,1.335510
14099,1.335510
14100,1.335510
14101,1.335510
14102,1.335510
14103,1.335457
14104,1.335435
14105,1.335390
14106,1.335345
14107,1.335345
14108,1.335345
14109,1.335345
14110,1.335285
14111,1.335285
14112,1.335285
14113,1.335171
14114,1.335116
14115,1.335100
14116,1.335067
14117,1.335067
14118,1.335067
14119,1.334987
14120,1.334987
14121,1.334883
14122,1.334883
14123,1.334883
14124,1.334836
14125,1.334836
14126,1.334794
14127,1.334794
14128,1.334794
14129,1.334794
14130,1.334794
14131,1.334742
14132,1.334742
14133,1.334742
14134,1.334742
14135,1.334742
14136,1.334742
14137,1.334742
14138,1.334742
14139,1.334742
14140,1.334742
14141,1.334742
14142,1.334742
14143,1.334672
14144,1.334606
14145,1.334606
14146,1.334410
14147,1.334321
14148,1.334165
14149,1.334149
14150,1.334141
14151,1.334101
14152,1.334101
14153,1.334005
14154,1.334005
14155,1.333993
14156,1.333993
14157,1.333981
14158,1.333905
14159,1.333799
14160,1.333799
14161,1.333770
14162,1.333770
14163,1.333770
14164,1.333770
14165,1.333770
14166,1.333696
14167,1.333609
14168,1.333609
14169,1.333485
14170,1.333463
14171,1.333451
14172,1.333326
14173,1.333326
14174,1.333326
14175,1.333201
14176,1.333201
14177,1.333201
14178,1.333201
14179,1.333120
14180,1.333069
14181,1.333069
14182,1.333069
14183,1.332995
14184,1.332995
14185,1.332995
14186,1.332983
14187,1.332970
14188,1.332970
14189,1.332970
14190,1.332970
14191,1.332970
14192,1.332970
14193,1.332891
14194,1.332870
14195,1.332823
14196,1.332698
14197,1.332698
14198,1.332698
14199,1.332698
14200,1.332698
14201,1.332687
14202,1.332578
14203,1.332578
14204,1.332536
14205,1.332495
14206,1.332492
14207,1.332492
14208,1.332492
14209,1.332492
14210,1.332458
14211,1.332400
14212,1.332400
14213,1.332400
14214,1.332400
14215,1.332400
14216,1.332400
14217,1.332400
14218,1.332337
14219,1.332337
14220,1.332335
14221,1.332335
14222,1.332319
14223,1.332136
14224,1.332136
14225,1.332136
14226,1.332125
14227,1.332125
14228,1.332125
14229,1.332108
14230,1.332108
14231,1.332108
14232,1.332043
14233,1.332043
14234,1.332043
14235,1.332043
14236,1.332043
14237,1.332043
14238,1.331866
14239,1.331866
14240,1.331866
14241,1.331866
14242,1.331866
14243,1.331866
14244,1.331702
14245,1.331691
14246,1.331691
14247,1.331691
14248,1.331603
14249,1.331603
14250,1.331555
14251,1.331540
14252,1.331458
14253,1.331458
14254,1.331450
14255,1.331437
14256,1.331424
14257,1.331392
14258,1.331264
14259,1.331264
14260,1.331264
14261,1.331264
14262,1.331264
14263,1.331178
14264,1.331178
14265,1.331161
14266,1.331161
14267,1.331091
14268,1.331061
14269,1.330890
14270,1.330890
14271,1.330890
14272,1.330890
14273,1.330766
14274,1.330766
14275,1.330742
14276,1.330742
14277,1.330742
14278,1.330742
14279,1.330742
14280,1.330742
14281,1.330673
14282,1.330673
14283,1.330641
14284,1.330641
14285,1.330641
14286,1.330641
14287,1.330641
14288,1.330641
14289,1.330574
14290,1.330574
14291,1.330524
14292,1.330524
14293,1.330524
14294,1.330483
14295,1.330483
14296,1.330483
14297,1.330483
14298,1.330483
14299,1.330460
14300,1.330460
14301,1.330460
14302,1.330402
14303,1.330402
14304,1.330337
14305,1.330337
14306,1.330337
14307,1.330337
14308,1.330337
14309,1.330230
14310,1.330230
14311,1.330230
14312,1.330210
14313,1.330196
14314,1.330196
14315,1.330133
14316,1.330133
14317,1.330133
14318,1.330133
14319,1.330133
14320,1.330045
14321,1.329988
14322,1.329988
14323,1.329945
14324,1.329945
14325,1.329945
14326,1.329883
14327,1.329850
14328,1.329850
14329,1.329850
14330,1.329850
14331,1.329850
14332,1.329826
14333,1.329826
14334,1.329826
14335,1.329768
14336,1.329692
14337,1.329692
14338,1.329692
14339,1.329636
14340,1.329636
14341,1.329636
14342,1.329636
14343,1.329636
14344,1.329636
14345,1.329636
14346,1.329636
14347,1.329636
14348,1.329636
14349,1.329636
14350,1.329636
14351,1.329636
14352,1.329636
14353,1.329636
14354,1.329630
14355,1.329630
14356,1.329630
14357,1.329582
14358,1.329582
14359,1.329533
14360,1.329533
14361,1.329533
14362,1.329533
14363,1.329473
14364,1.329425
14365,1.329425
14366,1.329425
14367,1.329425
14368,1.329425
14369,1.329425
14370,1.329425
14371,1.329413
14372,1.329413
14373,1.329404
14374,1.329368
14375,1.329368
14376,1.329368
14377,1.329367
14378,1.329241
14379,1.329241
14380,1.329241
14381,1.329241
14382,1.329241
14383,1.329218
14384,1.329218
14385,1.329201
14386,1.329201
14387,1.329142
14388,1.329142
14389,1.329035
14390,1.329035
14391,1.328936
14392,1.328936
14393,1.328883
14394,1.328883
14395,1.328883
14396,1.328883
14397,1.328883
14398,1.328844
14399,1.328812
14400,1.328812
14401,1.328812
14402,1.328776
14403,1.328776
14404,1.328776
14405,1.328740
14406,1.328723
14407,1.328678
14408,1.328678
14409,1.328678
14410,1.328678
14411,1.328657
14412,1.328657
14413,1.328657
14414,1.328657
14415,1.328657
14416,1.328657
14417,1.328603
14418,1.328574
14419,1.328574
14420,1.328544
14421,1.328544
14422,1.328544
14423,1.328544
14424,1.328475
14425,1.328475
14426,1.328475
14427,1.328475
14428,1.328444
14429,1.328366
14430,1.328366
14431,1.328366
14432,1.328316
14433,1.328316
14434,1.328316
14435,1.328316
14436,1.328239
14437,1.328239
14438,1.328191
14439,1.328191
14440,1.328191
14441,1.328115
14442,1.328044
14443,1.328000
14444,1.327948
14445,1.327948
14446,1.327786
14447,1.327786
14448,1.327786
14449,1.327672
14450,1.327672
14451,1.327657
14452,1.327592
14453,1.327592
14454,1.327592
14455,1.327533
14456,1.327533
14457,1.327505
14458,1.327505
14459,1.327505
14460,1.327505
14461,1.327505
14462,1.327430
14463,1.327374
14464,1.327374
14465,1.327354
14466,1.327316
14467,1.327316
14468,1.327122
14469,1.327051
14470,1.327051
14471,1.327029
14472,1.326848
14473,1.326848
14474,1.326848
14475,1.326848
14476,1.326825
14477,1.326825
14478,1.326825
14479,1.326825
14480,1.326787
14481,1.326787
14482,1.326787
14483,1.326787
14484,1.326787
14485,1.326759
14486,1.326759
14487,1.326759
14488,1.326759
14489,1.326759
14490,1.326759
14491,1.326759
14492,1.326661
14493,1.326661
14494,1.326660
14495,1.326660
14496,1.326660
14497,1.326660
14498,1.326588
14499,1.326588
14500,1.326558
14501,1.326558
14502,1.326554
14503,1.326554
14504,1.326554
14505,1.326554
14506,1.326554
14507,1.326554
14508,1.326518
14509,1.326437
14510,1.326437
14511,1.326334
14512,1.326334
14513,1.326174
14514,1.326174
14515,1.326174
14516,1.326174
14517,1.326174
14518,1.326091
14519,1.326091
14520,1.326028
14521,1.326028
14522,1.325852
14523,1.325852
14524,1.325852
14525,1.325852
14526,1.325834
14527,1.325784
14528,1.325784
14529,1.325784
14530,1.325664
14531,1.325664
14532,1.325613
14533,1.325493
14534,1.325480
14535,1.325480
14536,1.325480
14537,1.325480
14538,1.325431
14539,1.325431
14540,1.325341
14541,1.325341
14542,1.325341
14543,1.325332
14544,1.325332
14545,1.325317
14546,1.325317
14547,1.325317
14548,1.325317
14549,1.325317
14550,1.325313
14551,1.325313
14552,1.325290
14553,1.325162
14554,1.325162
14555,1.325162
14556,1.325162
14557,1.325162
14558,1.325162
14559,1.325162
14560,1.325027
14561,1.324904
14562,1.324904
14563,1.324904
14564,1.324904
14565,1.324802
14566,1.324802
14567,1.324802
14568,1.324794
14569,1.324724
14570,1.324724
14571,1.324664
14572,1.324664
14573,1.324664
14574,1.324664
14575,1.324617
14576,1.324617
14577,1.324587
14578,1.324413
14579,1.324413
14580,1.324413
14581,1.324411
14582,1.324397
14583,1.324331
14584,1.324331
14585,1.324197
14586,1.324095
14587,1.324095
14588,1.324032
14589,1.323971
14590,1.323896
14591,1.323891
14592,1.323880
14593,1.323880
14594,1.323880
14595,1.323880
14596,1.323880
14597,1.323880
14598,1.323784
14599,1.323735
14600,1.323735
14601,1.323735
14602,1.323566
14603,1.323535
14604,1.323535
14605,1.323501
14606,1.323501
14607,1.323432
14608,1.323432
14609,1.323425
14610,1.323425
14611,1.323416
14612,1.323410
14613,1.323327
14614,1.323327
14615,1.323327
14616,1.323162
14617,1.323098
14618,1.323098
14619,1.323098
14620,1.323079
14621,1.323079
14622,1.323052
14623,1.323052
14624,1.323052
14625,1.323052
14626,1.323052
14627,1.323052
14628,1.323017
14629,1.322986
14630,1.322986
14631,1.322986
14632,1.322986
14633,1.322986
14634,1.322986
14635,1.322968
14636,1.322968
14637,1.322968
14638,1.322968
14639,1.322890
14640,1.322890
14641,1.322812
14642,1.322812
14643,1.322752
14644,1.322662
14645,1.322578
14646,1.322495
14647,1.322494
14648,1.322487
14649,1.322463
14650,1.322453
14651,1.322432
14652,1.322425
14653,1.322425
14654,1.322425
14655,1.322359
14656,1.322359
14657,1.322359
14658,1.322359
14659,1.322359
14660,1.322338
14661,1.322338
14662,1.322260
14663,1.322256
14664,1.322256
14665,1.322256
14666,1.322256
14667,1.322256
14668,1.322256
14669,1.322119
14670,1.322103
14671,1.322038
14672,1.322038
14673,1.322038
14674,1.322038
14675,1.322038
14676,1.321991
14677,1.321991
14678,1.321978
14679,1.321978
14680,1.321978
14681,1.321978
14682,1.321978
14683,1.321933
14684,1.321923
14685,1.321923
14686,1.321896
14687,1.321854
14688,1.321854
14689,1.321854
14690,1.321815
14691,1.321765
14692,1.321765
14693,1.321634
14694,1.321634
14695,1.321634
14696,1.321622
14697,1.321562
14698,1.321562
14699,1.321542
14700,1.321511
14701,1.321511
14702,1.321511
14703,1.321509
14704,1.321509
14705,1.321508
14706,1.321452
14707,1.321379
14708,1.321379
14709,1.321201
14710,1.321201
14711,1.321201
14712,1.321201
14713,1.321194
14714,1.321113
14715,1.321113
14716,1.321009
14717,1.321009
14718,1.320963
14719,1.320963
14720,1.320960
14721,1.320923
14722,1.320923
14723,1.320825
14724,1.320825
14725,1.320774
14726,1.320774
14727,1.320722
14728,1.320722
14729,1.320717
14730,1.320717
14731,1.320717
14732,1.320717
14733,1.320606
14734,1.320504
14735,1.320477
14736,1.320477
14737,1.320477
14738,1.320466
14739,1.320466
14740,1.320466
14741,1.320463
14742,1.320463
14743,1.320463
14744,1.320463
14745,1.320432
14746,1.320432
14747,1.320432
14748,1.320432
14749,1.320432
14750,1.320432
14751,1.320431
14752,1.320431
14753,1.320431
14754,1.320399
14755,1.320387
14756,1.320387
14757,1.320387
14758,1.320387
14759,1.320387
14760,1.320387
14761,1.320345
14762,1.320193
14763,1.320062
14764,1.320054
14765,1.320054
14766,1.320054
14767,1.320012
14768,1.320012
14769,1.320012
14770,1.320012
14771,1.320012
14772,1.319903
14773,1.319894
14774,1.319894
14775,1.319894
14776,1.319894
14777,1.319894
14778,1.319889
14779,1.319802
14780,1.319802
14781,1.319802
14782,1.319802
14783,1.319772
14784,1.319772
14785,1.319772
14786,1.319772
14787,1.319765
14788,1.319765
14789,1.319617
14790,1.319617
14791,1.319617
14792,1.319617
14793,1.319521
14794,1.319488
14795,1.319488
14796,1.319488
14797,1.319466
14798,1.319466
14799,1.319466
14800,1.319440
14801,1.319440
14802,1.319440
14803,1.319440
14804,1.319440
14805,1.319440
14806,1.319440
14807,1.319440
14808,1.319431
14809,1.319356
14810,1.319354
14811,1.319354
14812,1.319354
14813,1.319332
14814,1.319332
14815,1.319321
14816,1.319248
14817,1.319248
14818,1.319248
14819,1.319146
14820,1.319146
14821,1.319109
14822,1.319109
14823,1.319109
14824,1.319067
14825,1.318975
14826,1.318973
14827,1.318973
14828,1.318973
14829,1.318973
14830,1.318933
14831,1.318889
14832,1.318832
14833,1.318832
14834,1.318832
14835,1.318791
14836,1.318791
14837,1.318712
14838,1.318712
14839,1.318712
14840,1.318658
14841,1.318628
14842,1.318566
14843,1.318560
14844,1.318560
14845,1.318458
14846,1.318458
14847,1.318415
14848,1.318367
14849,1.318367
14850,1.318302
14851,1.318296
14852,1.318296
14853,1.318286
14854,1.318286
14855,1.318282
14856,1.318282
14857,1.318254
14858,1.318254
14859,1.318193
14860,1.318193
14861,1.318087
14862,1.318021
14863,1.318009
14864,1.317956
14865,1.317956
14866,1.317956
14867,1.317956
14868,1.317956
14869,1.317956
14870,1.317956
14871,1.317956
14872,1.317929
14873,1.317929
14874,1.317929
14875,1.317894
14876,1.317894
14877,1.317894
14878,1.317892
14879,1.317832
14880,1.317832
14881,1.317681
14882,1.317681
14883,1.317652
14884,1.317649
14885,1.317620
14886,1.317609
14887,1.317609
14888,1.317609
14889,1.317609
14890,1.317485
14891,1.317485
14892,1.317485
14893,1.317485
14894,1.317422
14895,1.317311
14896,1.317131
14897,1.317131
14898,1.317131
14899,1.317131
14900,1.317131
14901,1.317063
14902,1.317063
14903,1.317037
14904,1.317037
14905,1.317037
14906,1.317037
14907,1.317007
14908,1.316857
14909,1.316829
14910,1.316772
14911,1.316772
14912,1.316724
14913,1.316696
14914,1.316495
14915,1.316489
14916,1.316489
14917,1.316489
14918,1.316489
14919,1.316463
14920,1.316463
14921,1.316418
14922,1.316418
14923,1.316418
14924,1.316408
14925,1.316408
14926,1.316408
14927,1.316408
14928,1.316390
14929,1.316390
14930,1.316390
14931,1.316390
14932,1.316296
14933,1.316193
14934,1.316139
14935,1.316139
14936,1.316026
14937,1.316026
14938,1.316026
14939,1.316026
14940,1.316026
14941,1.315984
14942,1.315984
14943,1.315984
14944,1.315984
14945,1.315953
14946,1.315891
14947,1.315891
14948,1.315891
14949,1.315778
14950,1.315765
14951,1.315750
14952,1.315750
14953,1.315750
14954,1.315750
14955,1.315750
14956,1.315750
14957,1.315750
14958,1.315750
14959,1.315750
14960,1.315615
14961,1.315615
14962,1.315547
14963,1.315547
14964,1.315547
14965,1.315547
14966,1.315503
14967,1.315503
14968,1.315503
14969,1.315470
14970,1.315470
14971,1.315470
14972,1.315470
14973,1.315470
14974,1.315470
14975,1.315470
14976,1.315434
14977,1.315434
14978,1.315434
14979,1.315434
14980,1.315396
14981,1.315393
14982,1.315335
14983,1.315335
14984,1.315335
14985,1.315335
14986,1.315335
14987,1.315306
14988,1.315306
14989,1.315248
14990,1.315248
14991,1.315230
14992,1.315230
14993,1.315230
14994,1.315230
14995,1.315230
14996,1.315230
14997,1.315117
14998,1.315117
14999,1.315117
15000,1.315117
15001,1.315019
15002,1.315019
15003,1.315019
15004,1.315019
15005,1.315019
15006,1.315019
15007,1.314987
15008,1.314987
15009,1.314987
15010,1.314987
15011,1.314926
15012,1.314820
15013,1.314820
15014,1.314820
15015,1.314773
15016,1.314718
15017,1.314652
15018,1.314546
15019,1.314546
15020,1.314542
15021,1.314520
15022,1.314520
15023,1.314456
15024,1.314456
15025,1.314456
15026,1.314456
15027,1.314456
15028,1.314456
15029,1.314456
15030,1.314456
15031,1.314456
15032,1.314456
15033,1.314456
15034,1.314456
15035,1.314408
15036,1.314408
15037,1.314408
15038,1.314408
15039,1.314352
15040,1.314341
15041,1.314341
15042,1.314341
15043,1.314332
15044,1.314265
15045,1.314265
15046,1.314265
15047,1.314224
15048,1.314224
15049,1.314224
15050,1.314224
15051,1.314224
15052,1.314197
15053,1.314122
15054,1.314122
15055,1.314122
15056,1.314122
15057,1.314122
15058,1.314122
15059,1.314122
15060,1.314122
15061,1.314122
15062,1.314043
15063,1.313797
15064,1.313797
15065,1.313717
15066,1.313717
15067,1.313717
15068,1.313717
15069,1.313711
15070,1.313711
15071,1.313711
15072,1.313711
15073,1.313694
15074,1.313694
15075,1.313645
15076,1.313592
15077,1.313592
15078,1.313506
15079,1.313506
15080,1.313506
15081,1.313506
15082,1.313481
15083,1.313292
15084,1.313292
15085,1.313292
15086,1.313276
15087,1.313204
15088,1.313168
15089,1.313168
15090,1.313168
15091,1.313168
15092,1.313168
15093,1.313168
15094,1.313168
15095,1.313156
15096,1.313156
15097,1.313156
15098,1.313156
15099,1.313156
15100,1.313085
15101,1.313085
15102,1.313085
15103,1.313068
15104,1.313058
15105,1.313032
15106,1.313032
15107,1.313008
15108,1.312885
15109,1.312885
15110,1.312884
15111,1.312848
15112,1.312848
15113,1.312848
15114,1.312839
15115,1.312803
15116,1.312794
15117,1.312794
15118,1.312775
15119,1.312775
15120,1.312775
15121,1.312775
15122,1.312775
15123,1.312775
15124,1.312775
15125,1.312775
15126,1.312775
15127,1.312775
15128,1.312775
15129,1.312775
15130,1.312775
15131,1.312775
15132,1.312775
15133,1.312740
15134,1.312724
15135,1.312688
15136,1.312688
15137,1.312560
15138,1.312553
15139,1.312522
15140,1.312522
15141,1.312522
15142,1.312522
15143,1.312522
15144,1.312522
15145,1.312522
15146,1.312444
15147,1.312444
15148,1.312444
15149,1.312401
15150,1.312383
15151,1.312375
15152,1.312375
15153,1.312375
15154,1.312375
15155,1.312375
15156,1.312307
15157,1.312307
15158,1.312241
15159,1.312241
15160,1.312241
15161,1.312230
15162,1.312173
15163,1.312173
15164,1.312173
15165,1.312173
15166,1.312173
15167,1.312173
15168,1.312173
15169,1.312067
15170,1.312067
15171,1.312067
15172,1.312067
15173,1.312067
15174,1.312067
15175,1.312067
15176,1.312067
15177,1.312050
15178,1.312011
15179,1.311905
15180,1.311905
15181,1.311905
15182,1.311865
15183,1.311865
15184,1.311790
15185,1.311776
15186,1.311776
15187,1.311668
15188,1.311668
15189,1.311668
15190,1.311668
15191,1.311668
15192,1.311663
15193,1.311663
15194,1.311663
15195,1.311663
15196,1.311663
15197,1.311663
15198,1.311663
15199,1.311634
15200,1.311537
15201,1.311537
15202,1.311461
15203,1.311386
15204,1.311386
15205,1.311290
15206,1.311290
15207,1.311284
15208,1.311155
15209,1.311147
15210,1.311115
15211,1.311072
15212,1.310943
15213,1.310887
15214,1.310806
15215,1.310806
15216,1.310646
15217,1.310640
15218,1.310640
15219,1.310640
15220,1.310640
15221,1.310508
15222,1.310508
15223,1.310457
15224,1.310457
15225,1.310457
15226,1.310423
15227,1.310423
15228,1.310423
15229,1.310423
15230,1.310416
15231,1.310416
15232,1.310416
15233,1.310416
15234,1.310302
15235,1.310302
15236,1.310302
15237,1.310302
15238,1.310302
15239,1.310302
15240,1.310302
15241,1.310302
15242,1.310302
15243,1.310302
15244,1.310294
15245,1.310294
15246,1.310287
15247,1.310226
15248,1.310226
15249,1.310226
15250,1.310156
15251,1.310156
15252,1.310102
15253,1.309957
15254,1.309957
15255,1.309903
15256,1.309903
15257,1.309903
15258,1.309903
15259,1.309836
15260,1.309836
15261,1.309836
15262,1.309825
15263,1.309825
15264,1.309800
15265,1.309730
15266,1.309730
15267,1.309730
15268,1.309708
15269,1.309704
15270,1.309704
15271,1.309634
15272,1.309630
15273,1.309630
15274,1.309630
15275,1.309557
15276,1.309557
15277,1.309433
15278,1.309377
15279,1.309345
15280,1.309345
15281,1.309345
15282,1.309301
15283,1.309301
15284,1.309301
15285,1.309236
15286,1.309127
15287,1.309127
15288,1.309127
15289,1.309127
15290,1.309127
15291,1.309127
15292,1.309041
15293,1.309011
15294,1.309011
15295,1.308911
15296,1.308868
15297,1.308868
15298,1.308857
15299,1.308857
15300,1.308855
15301,1.308804
15302,1.308804
15303,1.308802
15304,1.308802
15305,1.308782
15306,1.308782
15307,1.308782
15308,1.308782
15309,1.308743
15310,1.308743
15311,1.308654
15312,1.308654
15313,1.308552
15314,1.308552
15315,1.308552
15316,1.308511
15317,1.308443
15318,1.308443
15319,1.308443
15320,1.308390
15321,1.308390
15322,1.308295
15323,1.308295
15324,1.308253
15325,1.308253
15326,1.308226
15327,1.308226
15328,1.308218
15329,1.308218
15330,1.308218
15331,1.308218
15332,1.308218
15333,1.308146
15334,1.308084
15335,1.308066
15336,1.308066
15337,1.308066
15338,1.308066
15339,1.308066
15340,1.307977
15341,1.307977
15342,1.307977
15343,1.307977
15344,1.307977
15345,1.307749
15346,1.307749
15347,1.307749
15348,1.307749
15349,1.307709
15350,1.307606
15351,1.307606
15352,1.307605
15353,1.307605
15354,1.307605
15355,1.307605
15356,1.307518
15357,1.307513
15358,1.307512
15359,1.307512
15360,1.307512
15361,1.307512
15362,1.307512
15363,1.307512
15364,1.307512
15365,1.307512
15366,1.307512
15367,1.307512
15368,1.307512
15369,1.307512
15370,1.307512
15371,1.307512
15372,1.307512
15373,1.307509
15374,1.307457
15375,1.307457
15376,1.307313
15377,1.307313
15378,1.307244
15379,1.307244
15380,1.307146
15381,1.307116
15382,1.306950
15383,1.306950
15384,1.306950
15385,1.306850
15386,1.306850
15387,1.306850
15388,1.306850
15389,1.306850
15390,1.306805
15391,1.306805
15392,1.306708
15393,1.306708
15394,1.306643
15395,1.306643
15396,1.306627
15397,1.306627
15398,1.306627
15399,1.306584
15400,1.306584
15401,1.306555
15402,1.306555
15403,1.306540
15404,1.306527
15405,1.306527
15406,1.306527
15407,1.306469
15408,1.306418
15409,1.306418
15410,1.306418
15411,1.306385
15412,1.306385
15413,1.306363
15414,1.306352
15415,1.306352
15416,1.306314
15417,1.306314
15418,1.306314
15419,1.306314
15420,1.306314
15421,1.306314
15422,1.306275
15423,1.306275
15424,1.306275
15425,1.306196
15426,1.306196
15427,1.306196
15428,1.306196
15429,1.306089
15430,1.306051
15431,1.306051
15432,1.306038
15433,1.306038
15434,1.306007
15435,1.306007
15436,1.305928
15437,1.305853
15438,1.305853
15439,1.305853
15440,1.305853
15441,1.305796
15442,1.305691
15443,1.305691
15444,1.305691
15445,1.305635
15446,1.305635
15447,1.305635
15448,1.305635
15449,1.305635
15450,1.305623
15451,1.305623
15452,1.305611
15453,1.305611
15454,1.305574
15455,1.305524
15456,1.305462
15457,1.305462
15458,1.305462
15459,1.305462
15460,1.305462
15461,1.305462
15462,1.305462
15463,1.305438
15464,1.305438
15465,1.305438
15466,1.305410
15467,1.305410
15468,1.305410
15469,1.305372
15470,1.305372
15471,1.305372
15472,1.305372
15473,1.305372
15474,1.305368
15475,1.305291
15476,1.305291
15477,1.305291
15478,1.305291
15479,1.305250
15480,1.305250
15481,1.305225
15482,1.305220
15483,1.305206
15484,1.305206
15485,1.305182
15486,1.305171
15487,1.305171
15488,1.305171
15489,1.305137
15490,1.305070
15491,1.305012
15492,1.305012
15493,1.304939
15494,1.304939
15495,1.304939
15496,1.304939
15497,1.304871
15498,1.304871
15499,1.304674
15500,1.304531
15501,1.304531
15502,1.304457
15503,1.304457
15504,1.304329
15505,1.304314
15506,1.304314
15507,1.304303
15508,1.304303
15509,1.304140
15510,1.304140
15511,1.304140
15512,1.304140
15513,1.304115
15514,1.304115
15515,1.304115
15516,1.304115
15517,1.304115
15518,1.304060
15519,1.303891
15520,1.303841
15521,1.303790
15522,1.303790
15523,1.303790
15524,1.303790
15525,1.303790
15526,1.303790
15527,1.303740
15528,1.303740
15529,1.303740
15530,1.303740
15531,1.303740
15532,1.303740
15533,1.303740
15534,1.303740
15535,1.303733
15536,1.303733
15537,1.303684
15538,1.303677
15539,1.303677
15540,1.303593
15541,1.303593
15542,1.303593
15543,1.303593
15544,1.303593
15545,1.303593
15546,1.303557
15547,1.303538
15548,1.303450
15549,1.303450
15550,1.303450
15551,1.303450
15552,1.303450
15553,1.303450
15554,1.303450
15555,1.303418
15556,1.303342
15557,1.303319
15558,1.303289
15559,1.303289
15560,1.303275
15561,1.303275
15562,1.303251
15563,1.303220
15564,1.303220
15565,1.303220
15566,1.303207
15567,1.303167
15568,1.303167
15569,1.303150
15570,1.303063
15571,1.303010
15572,1.303010
15573,1.303010
15574,1.302927
15575,1.302927
15576,1.302927
15577,1.302815
15578,1.302815
15579,1.302815
15580,1.302815
15581,1.302815
15582,1.302758
15583,1.302758
15584,1.302758
15585,1.302740
15586,1.302740
15587,1.302740
15588,1.302740
15589,1.302667
15590,1.302667
15591,1.302667
15592,1.302667
15593,1.302667
15594,1.302667
15595,1.302667
15596,1.302575
15597,1.302575
15598,1.302575
15599,1.302520
15600,1.302520
15601,1.302491
15602,1.302397
15603,1.302308
15604,1.302274
15605,1.302274
15606,1.302274
15607,1.302217
15608,1.302217
15609,1.302191
15610,1.302186
15611,1.302123
15612,1.302111
15613,1.301985
15614,1.301885
15615,1.301885
15616,1.301885
15617,1.301885
15618,1.301885
15619,1.301885
15620,1.301885
15621,1.301845
15622,1.301794
15623,1.301794
15624,1.301772
15625,1.301772
15626,1.301771
15627,1.301771
15628,1.301730
15629,1.301730
15630,1.301730
15631,1.301730
15632,1.301625
15633,1.301625
15634,1.301583
15635,1.301583
15636,1.301470
15637,1.301470
15638,1.301470
15639,1.301439
15640,1.301439
15641,1.301439
15642,1.301439
15643,1.301439
15644,1.301439
15645,1.301439
15646,1.301439
15647,1.301439
15648,1.301320
15649,1.301320
15650,1.301320
15651,1.301320
15652,1.301320
15653,1.301280
15654,1.301280
15655,1.301280
15656,1.301270
15657,1.301239
15658,1.301179
15659,1.301179
15660,1.301179
15661,1.301179
15662,1.301179
15663,1.301115
15664,1.300996
15665,1.300996
15666,1.300914
15667,1.300914
15668,1.300881
15669,1.300880
15670,1.300880
15671,1.300859
15672,1.300859
15673,1.300796
15674,1.300775
15675,1.300775
15676,1.300775
15677,1.300775
15678,1.300775
15679,1.300775
15680,1.300775
15681,1.300744
15682,1.300744
15683,1.300666
15684,1.300666
15685,1.300638
15686,1.300555
15687,1.300555
15688,1.300555
15689,1.300516
15690,1.300516
15691,1.300516
15692,1.300516
15693,1.300420
15694,1.300353
15695,1.300353
15696,1.300353
15697,1.300317
15698,1.300317
15699,1.300317
15700,1.300317
15701,1.300317
15702,1.300317
15703,1.300317
15704,1.300317
15705,1.300317
15706,1.300317
15707,1.300303
15708,1.300255
15709,1.300160
15710,1.300084
15711,1.300084
15712,1.300084
15713,1.300030
15714,1.300030
15715,1.300006
15716,1.300006
15717,1.300006
15718,1.300006
15719,1.300006
15720,1.300006
15721,1.299940
15722,1.299940
15723,1.299940
15724,1.299933
15725,1.299933
15726,1.299933
15727,1.299933
15728,1.299933
15729,1.299933
15730,1.299885
15731,1.299885
15732,1.299765
15733,1.299765
15734,1.299765
15735,1.299719
15736,1.299719
15737,1.299613
15738,1.299613
15739,1.299613
15740,1.299613
15741,1.299576
15742,1.299533
15743,1.299533
15744,1.299489
15745,1.299489
15746,1.299489
15747,1.299489
15748,1.299489
15749,1.299477
15750,1.299477
15751,1.299477
15752,1.299355
15753,1.299335
15754,1.299293
15755,1.299274
15756,1.299274
15757,1.299274
15758,1.299262
15759,1.299244
15760,1.299244
15761,1.299221
15762,1.299221
15763,1.299208
15764,1.299208
15765,1.299208
15766,1.299100
15767,1.299019
15768,1.299019
15769,1.299019
15770,1.298969
15771,1.298969
15772,1.298879
15773,1.298879
15774,1.298879
15775,1.298879
15776,1.298879
15777,1.298802
15778,1.298802
15779,1.298802
15780,1.298802
15781,1.298802
15782,1.298758
15783,1.298758
15784,1.298758
15785,1.298758
15786,1.298758
15787,1.298758
15788,1.298758
15789,1.298758
15790,1.298758
15791,1.298758
15792,1.298730
15793,1.298730
15794,1.298730
15795,1.298722
15796,1.298722
15797,1.298722
15798,1.298722
15799,1.298708
15800,1.298674
15801,1.298609
15802,1.298609
15803,1.298571
15804,1.298571
15805,1.298526
15806,1.298492
15807,1.298492
15808,1.298492
15809,1.298382
15810,1.298325
15811,1.298227
15812,1.298227
15813,1.298227
15814,1.298227
15815,1.298227
15816,1.298227
15817,1.298073
15818,1.298073
15819,1.298012
15820,1.298012
15821,1.298012
15822,1.298012
15823,1.298012
15824,1.297974
15825,1.297970
15826,1.297970
15827,1.297970
15828,1.297914
15829,1.297914
15830,1.297914
15831,1.297914
15832,1.297914
15833,1.297914
15834,1.297914
15835,1.297914
15836,1.297778
15837,1.297618
15838,1.297618
15839,1.297553
15840,1.297553
15841,1.297553
15842,1.297553
15843,1.297553
15844,1.297490
15845,1.297420
15846,1.297374
15847,1.297374
15848,1.297327
15849,1.297327
15850,1.297327
15851,1.297323
15852,1.297323
15853,1.297323
15854,1.297323
15855,1.297323
15856,1.297323
15857,1.297323
15858,1.297323
15859,1.297323
15860,1.297323
15861,1.297323
15862,1.297323
15863,1.297323
15864,1.297297
15865,1.297297
15866,1.297195
15867,1.297195
15868,1.297195
15869,1.297195
15870,1.297195
15871,1.297189
15872,1.297189
15873,1.297189
15874,1.297135
15875,1.297135
15876,1.297135
15877,1.297135
15878,1.297054
15879,1.296971
15880,1.296971
15881,1.296971
15882,1.296812
15883,1.296768
15884,1.296768
15885,1.296768
15886,1.296768
15887,1.296650
15888,1.296567
15889,1.296567
15890,1.296546
15891,1.296532
15892,1.296483
15893,1.296483
15894,1.296412
15895,1.296412
15896,1.296399
15897,1.296399
15898,1.296399
15899,1.296399
15900,1.296399
15901,1.296399
15902,1.296399
15903,1.296292
15904,1.296292
15905,1.296229
15906,1.296229
15907,1.296229
15908,1.296229
15909,1.296229
15910,1.296229
15911,1.296229
15912,1.296135
15913,1.296135
15914,1.296135
15915,1.296135
15916,1.296135
15917,1.296093
15918,1.296093
15919,1.296085
15920,1.296013
15921,1.296013
15922,1.296013
15923,1.295972
15924,1.295972
15925,1.295972
15926,1.295972
15927,1.295972
15928,1.295972
15929,1.295878
15930,1.295878
15931,1.295829
15932,1.295829
15933,1.295829
15934,1.295829
15935,1.295687
15936,1.295605
15937,1.295553
15938,1.295553
15939,1.295553
15940,1.295553
15941,1.295553
15942,1.295553
15943,1.295553
15944,1.295547
15945,1.295547
15946,1.295547
15947,1.295547
15948,1.295547
15949,1.295547
15950,1.295547
15951,1.295547
15952,1.295547
15953,1.295522
15954,1.295470
15955,1.295469
15956,1.295469
15957,1.295469
15958,1.295469
15959,1.295441
15960,1.295441
15961,1.295430
15962,1.295430
15963,1.295430
15964,1.295430
15965,1.295324
15966,1.295324
15967,1.295278
15968,1.295277
15969,1.295277
15970,1.295217
15971,1.295217
15972,1.295217
15973,1.295217
15974,1.295217
15975,1.295144
15976,1.295144
15977,1.295144
15978,1.295144
15979,1.295123
15980,1.295123
15981,1.295086
15982,1.295059
15983,1.295059
15984,1.294987
15985,1.294987
15986,1.294987
15987,1.294987
15988,1.294987
15989,1.294987
15990,1.294987
15991,1.294987
15992,1.294987
15993,1.294987
15994,1.294987
15995,1.294914
15996,1.294914
15997,1.294914
15998,1.294914
15999,1.294903
16000,1.294836
16001,1.294795
16002,1.294795
16003,1.294795
16004,1.294795
16005,1.294784
16006,1.294784
16007,1.294784
16008,1.294784
16009,1.294775
16010,1.294775
16011,1.294735
16012,1.294735
16013,1.294713
16014,1.294713
16015,1.294713
16016,1.294713
16017,1.294704
16018,1.294651
16019,1.294651
16020,1.294651
16021,1.294651
16022,1.294641
16023,1.294604
16024,1.294604
16025,1.294604
16026,1.294570
16027,1.294570
16028,1.294546
16029,1.294546
16030,1.294442
16031,1.294315
16032,1.294315
16033,1.294315
16034,1.294315
16035,1.294299
16036,1.294299
16037,1.294281
16038,1.294250
16039,1.294250
16040,1.294242
16041,1.294242
16042,1.294242
16043,1.294242
16044,1.294117
16045,1.294065
16046,1.294050
16047,1.294050
16048,1.294050
16049,1.293967
16050,1.293831
16051,1.293831
16052,1.293771
16053,1.293771
16054,1.293771
16055,1.293771
16056,1.293771
16057,1.293584
16058,1.293581
16059,1.293569
16060,1.293569
16061,1.293431
16062,1.293431
16063,1.293431
16064,1.293431
16065,1.293431
16066,1.293410
16067,1.293396
16068,1.293336
16069,1.293336
16070,1.293274
16071,1.293274
16072,1.293269
16073,1.293269
16074,1.293258
16075,1.293258
16076,1.293258
16077,1.293218
16078,1.293218
16079,1.293218
16080,1.293218
16081,1.293218
16082,1.293218
16083,1.293218
16084,1.293114
16085,1.293114
16086,1.293114
16087,1.293114
16088,1.293071
16089,1.293071
16090,1.293038
16091,1.293023
16092,1.292974
16093,1.292974
16094,1.292926
16095,1.292836
16096,1.292810
16097,1.292810
16098,1.292810
16099,1.292810
16100,1.292810
16101,1.292810
16102,1.292810
16103,1.292810
16104,1.292810
16105,1.292810
16106,1.292810
16107,1.292810
16108,1.292810
16109,1.292801
16110,1.292801
16111,1.292801
16112,1.292747
16113,1.292747
16114,1.292747
16115,1.292747
16116,1.292747
16117,1.292747
16118,1.292583
16119,1.292548
16120,1.292548
16121,1.292532
16122,1.292532
16123,1.292532
16124,1.292532
16125,1.292532
16126,1.292513
16127,1.292513
16128,1.292464
16129,1.292464
16130,1.292464
16131,1.292464
16132,1.292452
16133,1.292452
16134,1.292452
16135,1.292438
16136,1.292347
16137,1.292308
16138,1.292282
16139,1.292228
16140,1.292228
16141,1.292167
16142,1.292167
16143,1.292167
16144,1.292167
16145,1.292167
16146,1.292167
16147,1.292112
16148,1.292112
16149,1.292112
16150,1.292112
16151,1.292112
16152,1.292112
16153,1.292112
16154,1.292109
16155,1.292109
16156,1.292109
16157,1.292109
16158,1.292109
16159,1.292109
16160,1.292109
16161,1.292109
16162,1.292075
16163,1.292037
16164,1.292014
16165,1.291951
16166,1.291951
16167,1.291951
16168,1.291951
16169,1.291951
16170,1.291914
16171,1.291897
16172,1.291897
16173,1.291897
16174,1.291897
16175,1.291897
16176,1.291897
16177,1.291897
16178,1.291897
16179,1.291897
16180,1.291852
16181,1.291826
16182,1.291786
16183,1.291786
16184,1.291786
16185,1.291786
16186,1.291786
16187,1.291786
16188,1.291786
16189,1.291769
16190,1.291742
16191,1.291742
16192,1.291742
16193,1.291731
16194,1.291731
16195,1.291731
16196,1.291731
16197,1.291731
16198,1.291612
16199,1.291612
16200,1.291612
16201,1.291612
16202,1.291612
16203,1.291612
16204,1.291612
16205,1.291588
16206,1.291588
16207,1.291588
16208,1.291582
16209,1.291582
16210,1.291582
16211,1.291582
16212,1.291582
16213,1.291582
16214,1.291582
16215,1.291582
16216,1.291582
16217,1.291582
16218,1.291582
16219,1.291582
16220,1.291582
16221,1.291582
16222,1.291511
16223,1.291511
16224,1.291511
16225,1.291511
16226,1.291437
16227,1.291437
16228,1.291435
16229,1.291435
16230,1.291413
16231,1.291413
16232,1.291413
16233,1.291341
16234,1.291341
16235,1.291341
16236,1.291265
16237,1.291265
16238,1.291265
16239,1.291265
16240,1.291248
16241,1.291240
16242,1.291240
16243,1.291240
16244,1.291240
16245,1.291196
16246,1.291196
16247,1.291196
16248,1.291196
16249,1.291196
16250,1.291196
16251,1.291196
16252,1.291140
16253,1.291140
16254,1.291080
16255,1.291080
16256,1.291080
16257,1.291080
16258,1.291074
16259,1.291048
16260,1.291048
16261,1.291048
16262,1.291038
16263,1.290987
16264,1.290964
16265,1.290880
16266,1.290880
16267,1.290868
16268,1.290780
16269,1.290780
16270,1.290780
16271,1.290780
16272,1.290780
16273,1.290699
16274,1.290699
16275,1.290638
16276,1.290638
16277,1.290563
16278,1.290563
16279,1.290500
16280,1.290485
16281,1.290485
16282,1.290473
16283,1.290337
16284,1.290286
16285,1.290217
16286,1.290217
16287,1.290178
16288,1.290178
16289,1.290089
16290,1.290023
16291,1.290023
16292,1.290023
16293,1.290023
16294,1.290023
16295,1.290023
16296,1.290023
16297,1.290023
16298,1.290023
16299,1.290023
16300,1.289851
16301,1.289822
16302,1.289822
16303,1.289784
16304,1.289700
16305,1.289649
16306,1.289649
16307,1.289649
16308,1.289649
16309,1.289636
16310,1.289636
16311,1.289636
16312,1.289578
16313,1.289578
16314,1.289578
16315,1.289540
16316,1.289540
16317,1.289540
16318,1.289540
16319,1.289476
16320,1.289476
16321,1.289474
16322,1.289335
16323,1.289335
16324,1.289335
16325,1.289320
16326,1.289308
16327,1.289308
16328,1.289308
16329,1.289308
16330,1.289308
16331,1.289285
16332,1.289285
16333,1.289233
16334,1.289187
16335,1.289187
16336,1.289187
16337,1.289187
16338,1.289187
16339,1.289187
16340,1.289187
16341,1.289187
16342,1.289187
16343,1.289187
16344,1.289170
16345,1.289050
16346,1.289050
16347,1.288992
16348,1.288992
16349,1.288992
16350,1.288992
16351,1.288992
16352,1.288992
16353,1.288942
16354,1.288866
16355,1.288866
16356,1.288866
16357,1.288866
16358,1.288844
16359,1.288844
16360,1.288784
16361,1.288784
16362,1.288784
16363,1.288753
16364,1.288709
16365,1.288709
16366,1.288684
16367,1.288615
16368,1.288615
16369,1.288615
16370,1.288615
16371,1.288615
16372,1.288615
16373,1.288615
16374,1.288615
16375,1.288571
16376,1.288571
16377,1.288571
16378,1.288571
16379,1.288492
16380,1.288492
16381,1.288492
16382,1.288492
16383,1.288492
16384,1.288333
16385,1.288333
16386,1.288333
16387,1.288333
16388,1.288232
16389,1.288207
16390,1.288069
16391,1.288069
16392,1.287980
16393,1.287980
16394,1.287980
16395,1.287980
16396,1.287980
16397,1.287980
16398,1.287952
16399,1.287866
16400,1.287735
16401,1.287735
16402,1.287735
16403,1.287653
16404,1.287653
16405,1.287595
16406,1.287570
16407,1.287570
16408,1.287570
16409,1.287570
16410,1.287543
16411,1.287543
16412,1.287475
16413,1.287475
16414,1.287377
16415,1.287377
16416,1.287377
16417,1.287377
16418,1.287377
16419,1.287377
16420,1.287377
16421,1.287377
16422,1.287377
16423,1.287377
16424,1.287377
16425,1.287287
16426,1.287159
16427,1.287091
16428,1.287091
16429,1.287091
16430,1.287052
16431,1.287019
16432,1.286987
16433,1.286976
16434,1.286976
16435,1.286976
16436,1.286976
16437,1.286976
16438,1.286976
16439,1.286952
16440,1.286952
16441,1.286952
16442,1.286952
16443,1.286952
16444,1.286926
16445,1.286896
16446,1.286896
16447,1.286890
16448,1.286890
16449,1.286792
16450,1.286792
16451,1.286572
16452,1.286572
16453,1.286572
16454,1.286572
16455,1.286554
16456,1.286473
16457,1.286473
16458,1.286473
16459,1.286473
16460,1.286473
16461,1.286473
16462,1.286442
16463,1.286415
16464,1.286415
16465,1.286415
16466,1.286415
16467,1.286415
16468,1.286390
16469,1.286383
16470,1.286383
16471,1.286383
16472,1.286366
16473,1.286354
16474,1.286354
16475,1.286354
16476,1.286354
16477,1.286283
16478,1.286268
16479,1.286268
16480,1.286268
16481,1.286268
16482,1.286255
16483,1.286255
16484,1.286209
16485,1.286209
16486,1.286139
16487,1.286139
16488,1.286139
16489,1.286139
16490,1.286139
16491,1.286139
16492,1.286139
16493,1.285941
16494,1.285868
16495,1.285833
16496,1.285833
16497,1.285679
16498,1.285679
16499,1.285661
16500,1.285661
16501,1.285661
16502,1.285510
16503,1.285488
16504,1.285462
16505,1.285462
16506,1.285462
16507,1.285462
16508,1.285462
16509,1.285462
16510,1.285462
16511,1.285462
16512,1.285462
16513,1.285462
16514,1.285442
16515,1.285442
16516,1.285442
16517,1.285442
16518,1.285442
16519,1.285442
16520,1.285442
16521,1.285397
16522,1.285397
16523,1.285267
16524,1.285250
16525,1.285175
16526,1.285175
16527,1.285175
16528,1.284982
16529,1.284982
16530,1.284982
16531,1.284901
16532,1.284766
16533,1.284766
16534,1.284766
16535,1.284766
16536,1.284766
16537,1.284748
16538,1.284697
16539,1.284697
16540,1.284614
16541,1.284614
16542,1.284588
16543,1.284588
16544,1.284588
16545,1.284581
16546,1.284581
16547,1.284570
16548,1.284570
16549,1.284570
16550,1.284570
16551,1.284545
16552,1.284511
16553,1.284505
16554,1.284505
16555,1.284498
16556,1.284498
16557,1.284348
16558,1.284348
16559,1.284348
16560,1.284348
16561,1.284323
16562,1.284323
16563,1.284323
16564,1.284323
16565,1.284310
16566,1.284310
16567,1.284310
16568,1.284310
16569,1.284310
16570,1.284310
16571,1.284310
16572,1.284280
16573,1.284280
16574,1.284257
16575,1.284257
16576,1.284257
16577,1.284252
16578,1.284252
16579,1.284252
16580,1.284252
16581,1.284252
16582,1.284230
16583,1.284178
16584,1.284133
16585,1.284133
16586,1.284133
16587,1.284133
16588,1.284133
16589,1.284133
16590,1.284133
16591,1.284133
16592,1.284133
16593,1.284045
16594,1.284045
16595,1.283993
16596,1.283993
16597,1.283993
16598,1.283993
16599,1.283898
16600,1.283831
16601,1.283831
16602,1.283831
16603,1.283813
16604,1.283813
16605,1.283813
16606,1.283766
16607,1.283687
16608,1.283687
16609,1.283687
16610,1.283687
16611,1.283592
16612,1.283447
16613,1.283447
16614,1.283417
16615,1.283417
16616,1.283417
16617,1.283399
16618,1.283399
16619,1.283399
16620,1.283399
16621,1.283399
16622,1.283399
16623,1.283380
16624,1.283380
16625,1.283303
16626,1.283303
16627,1.283151
16628,1.283151
16629,1.283120
16630,1.283080
16631,1.283080
16632,1.282989
16633,1.282989
16634,1.282989
16635,1.282903
16636,1.282903
16637,1.282903
16638,1.282903
16639,1.282903
16640,1.282903
16641,1.282852
16642,1.282852
16643,1.282688
16644,1.282688
16645,1.282676
16646,1.282676
16647,1.282539
16648,1.282539
16649,1.282539
16650,1.282472
16651,1.282472
16652,1.282363
16653,1.282148
16654,1.282148
16655,1.282043
16656,1.282043
16657,1.282043
16658,1.282043
16659,1.281900
16660,1.281900
16661,1.281900
16662,1.281794
16663,1.281794
16664,1.281729
16665,1.281729
16666,1.281729
16667,1.281729
16668,1.281729
16669,1.281729
16670,1.281701
16671,1.281701
16672,1.281679
16673,1.281522
16674,1.281502
16675,1.281502
16676,1.281502
16677,1.281502
16678,1.281437
16679,1.281437
16680,1.281437
16681,1.281322
16682,1.281265
16683,1.281265
16684,1.281265
16685,1.281265
16686,1.281265
16687,1.281265
16688,1.281196
16689,1.281099
16690,1.281099
16691,1.281068
16692,1.281068
16693,1.281057
16694,1.281057
16695,1.281052
16696,1.281052
16697,1.281028
16698,1.280903
16699,1.280903
16700,1.280897
16701,1.280897
16702,1.280897
16703,1.280773
16704,1.280773
16705,1.280773
16706,1.280725
16707,1.280725
16708,1.280725
16709,1.280725
16710,1.280712
16711,1.280712
16712,1.280712
16713,1.280712
16714,1.280652
16715,1.280652
16716,1.280652
16717,1.280641
16718,1.280641
16719,1.280617
16720,1.280617
16721,1.280617
16722,1.280567
16723,1.280547
16724,1.280547
16725,1.280545
16726,1.280545
16727,1.280501
16728,1.280439
16729,1.280439
16730,1.280349
16731,1.280349
16732,1.280204
16733,1.280204
16734,1.280204
16735,1.280174
16736,1.280174
16737,1.280174
16738,1.280086
16739,1.280086
16740,1.280031
16741,1.280031
16742,1.279993
16743,1.279993
16744,1.279960
16745,1.279960
16746,1.279936
16747,1.279933
16748,1.279845
16749,1.279845
16750,1.279845
16751,1.279845
16752,1.279845
16753,1.279845
16754,1.279829
16755,1.279748
16756,1.279748
16757,1.279670
16758,1.279670
16759,1.279599
16760,1.279599
16761,1.279599
16762,1.279599
16763,1.279599
16764,1.279593
16765,1.279567
16766,1.279567
16767,1.279567
16768,1.279544
16769,1.279544
16770,1.279522
16771,1.279522
16772,1.279512
16773,1.279512
16774,1.279512
16775,1.279512
16776,1.279512
16777,1.279512
16778,1.279480
16779,1.279448
16780,1.279383
16781,1.279383
16782,1.279383
16783,1.279383
16784,1.279372
16785,1.279372
16786,1.279358
16787,1.279312
16788,1.279174
16789,1.279174
16790,1.279174
16791,1.279174
16792,1.279174
16793,1.279174
16794,1.279174
16795,1.279174
16796,1.279173
16797,1.279170
16798,1.279170
16799,1.279170
16800,1.279133
16801,1.279133
16802,1.279133
16803,1.279133
16804,1.279133
16805,1.279086
16806,1.278982
16807,1.278982
16808,1.278945
16809,1.278885
16810,1.278885
16811,1.278872
16812,1.278778
16813,1.278778
16814,1.278745
16815,1.278745
16816,1.278745
16817,1.278668
16818,1.278603
16819,1.278603
16820,1.278542
16821,1.278542
16822,1.278542
16823,1.278542
16824,1.278542
16825,1.278506
16826,1.278474
16827,1.278474
16828,1.278466
16829,1.278355
16830,1.278355
16831,1.278355
16832,1.278355
16833,1.278300
16834,1.278243
16835,1.278243
16836,1.278178
16837,1.278130
16838,1.278130
16839,1.278130
16840,1.278130
16841,1.278086
16842,1.278086
16843,1.278086
16844,1.278086
16845,1.278086
16846,1.278086
16847,1.278086
16848,1.278086
16849,1.278086
16850,1.278059
16851,1.278054
16852,1.278054
16853,1.278054
16854,1.277917
16855,1.277815
16856,1.277810
16857,1.277810
16858,1.277810
16859,1.277810
16860,1.277810
16861,1.277810
16862,1.277810
16863,1.277810
16864,1.277742
16865,1.277691
16866,1.277691
16867,1.277691
16868,1.277691
16869,1.277691
16870,1.277691
16871,1.277691
16872,1.277691
16873,1.277671
16874,1.277671
16875,1.277593
16876,1.277593
16877,1.277593
16878,1.277593
16879,1.277593
16880,1.277593
16881,1.277593
16882,1.277593
16883,1.277593
16884,1.277593
16885,1.277554
16886,1.277554
16887,1.277534
16888,1.277515
16889,1.277468
16890,1.277468
16891,1.277468
16892,1.277421
16893,1.277421
16894,1.277421
16895,1.277421
16896,1.277421
16897,1.277421
16898,1.277421
16899,1.277421
16900,1.277421
16901,1.277421
16902,1.277372
16903,1.277312
16904,1.277312
16905,1.277312
16906,1.277312
16907,1.277312
16908,1.277312
16909,1.277312
16910,1.277312
16911,1.277312
16912,1.277312
16913,1.277292
16914,1.277292
16915,1.277292
16916,1.277292
16917,1.277292
16918,1.277171
16919,1.277171
16920,1.277161
16921,1.277123
16922,1.277123
16923,1.277098
16924,1.277098
16925,1.277082
16926,1.276947
16927,1.276947
16928,1.276947
16929,1.276947
16930,1.276862
16931,1.276862
16932,1.276767
16933,1.276700
16934,1.276700
16935,1.276700
16936,1.276646
16937,1.276646
16938,1.276612
16939,1.276594
16940,1.276594
16941,1.276594
16942,1.276594
16943,1.276551
16944,1.276551
16945,1.276547
16946,1.276520
16947,1.276520
16948,1.276520
16949,1.276520
16950,1.276520
16951,1.276498
16952,1.276498
16953,1.276449
16954,1.276449
16955,1.276449
16956,1.276449
16957,1.276449
16958,1.276449
16959,1.276429
16960,1.276331
16961,1.276331
16962,1.276239
16963,1.276239
16964,1.276239
16965,1.276239
16966,1.276239
16967,1.276239
16968,1.276239
16969,1.276239
16970,1.276239
16971,1.276239
16972,1.276154
16973,1.276154
16974,1.276154
16975,1.276154
16976,1.276154
16977,1.276154
16978,1.276154
16979,1.276105
16980,1.276105
16981,1.276023
16982,1.276023
16983,1.276023
16984,1.275984
16985,1.275984
16986,1.275984
16987,1.275984
16988,1.275984
16989,1.275984
16990,1.275984
16991,1.275984
16992,1.275977
16993,1.275977
16994,1.275975
16995,1.275975
16996,1.275975
16997,1.275975
16998,1.275778
16999,1.275778
17000,1.275720
17001,1.275676
17002,1.275587
17003,1.275587
17004,1.275587
17005,1.275492
17006,1.275388
17007,1.275349
17008,1.275349
17009,1.275259
17010,1.275259
17011,1.275259
17012,1.275160
17013,1.275144
17014,1.275144
17015,1.275144
17016,1.275144
17017,1.275137
17018,1.275137
17019,1.275137
17020,1.275131
17021,1.275042
17022,1.275042
17023,1.275037
17024,1.275037
17025,1.274950
17026,1.274950
17027,1.274915
17028,1.274869
17029,1.274869
17030,1.274813
17031,1.274809
17032,1.274809
17033,1.274749
17034,1.274749
17035,1.274739
17036,1.274735
17037,1.274735
17038,1.274696
17039,1.274696
17040,1.274696
17041,1.274696
17042,1.274696
17043,1.274696
17044,1.274680
17045,1.274680
17046,1.274680
17047,1.274680
17048,1.274633
17049,1.274633
17050,1.274633
17051,1.274633
17052,1.274633
17053,1.274633
17054,1.274633
17055,1.274633
17056,1.274563
17057,1.274563
17058,1.274563
17059,1.274563
17060,1.274563
17061,1.274563
17062,1.274563
17063,1.274563
17064,1.274563
17065,1.274543
17066,1.274489
17067,1.274489
17068,1.274489
17069,1.274379
17070,1.274241
17071,1.274241
17072,1.274241
17073,1.274213
17074,1.274213
17075,1.274213
17076,1.274213
17077,1.274131
17078,1.274131
17079,1.274049
17080,1.274035
17081,1.274035
17082,1.273970
17083,1.273911
17084,1.273888
17085,1.273888
17086,1.273888
17087,1.273883
17088,1.273869
17089,1.273869
17090,1.273869
17091,1.273869
17092,1.273869
17093,1.273869
17094,1.273869
17095,1.273869
17096,1.273869
17097,1.273869
17098,1.273869
17099,1.273759
17100,1.273759
17101,1.273759
17102,1.273759
17103,1.273739
17104,1.273733
17105,1.273715
17106,1.273715
17107,1.273715
17108,1.273715
17109,1.273715
17110,1.273673
17111,1.273673
17112,1.273673
17113,1.273673
17114,1.273630
17115,1.273630
17116,1.273630
17117,1.273630
17118,1.273630
17119,1.273630
17120,1.273630
17121,1.273630
17122,1.273630
17123,1.273630
17124,1.273630
17125,1.273630
17126,1.273425
17127,1.273425
17128,1.273410
17129,1.273377
17130,1.273377
17131,1.273377
17132,1.273377
17133,1.273377
17134,1.273377
17135,1.273301
17136,1.273248
17137,1.273248
17138,1.273248
17139,1.273239
17140,1.273239
17141,1.273239
17142,1.273239
17143,1.273239
17144,1.273239
17145,1.273239
17146,1.273239
17147,1.273239
17148,1.273219
17149,1.273219
17150,1.273219
17151,1.273106
17152,1.273106
17153,1.273036
17154,1.273036
17155,1.272970
17156,1.272970
17157,1.272970
17158,1.272873
17159,1.272873
17160,1.272873
17161,1.272873
17162,1.272873
17163,1.272873
17164,1.272815
17165,1.272815
17166,1.272638
17167,1.272543
17168,1.272543
17169,1.272505
17170,1.272505
17171,1.272505
17172,1.272505
17173,1.272505
17174,1.272442
17175,1.272442
17176,1.272429
17177,1.272429
17178,1.272389
17179,1.272352
17180,1.272352
17181,1.272352
17182,1.272239
17183,1.272239
17184,1.272171
17185,1.272159
17186,1.272113
17187,1.272113
17188,1.272113
17189,1.272090
17190,1.272036
17191,1.272036
17192,1.272015
17193,1.272015
17194,1.271947
17195,1.271945
17196,1.271910
17197,1.271902
17198,1.271839
17199,1.271839
17200,1.271829
17201,1.271750
17202,1.271685
17203,1.271685
17204,1.271648
17205,1.271648
17206,1.271648
17207,1.271648
17208,1.271648
17209,1.271648
17210,1.271648
17211,1.271529
17212,1.271477
17213,1.271477
17214,1.271477
17215,1.271477
17216,1.271477
17217,1.271457
17218,1.271457
17219,1.271457
17220,1.271457
17221,1.271457
17222,1.271457
17223,1.271457
17224,1.271457
17225,1.271457
17226,1.271407
17227,1.271407
17228,1.271407
17229,1.271373
17230,1.271357
17231,1.271297
17232,1.271297
17233,1.271297
17234,1.271185
17235,1.271185
17236,1.271185
17237,1.271185
17238,1.271182
17239,1.271126
17240,1.271107
17241,1.270967
17242,1.270967
17243,1.270967
17244,1.270967
17245,1.270967
17246,1.270967
17247,1.270943
17248,1.270943
17249,1.270930
17250,1.270930
17251,1.270930
17252,1.270896
17253,1.270896
17254,1.270896
17255,1.270754
17256,1.270634
17257,1.270634
17258,1.270634
17259,1.270634
17260,1.270634
17261,1.270588
17262,1.270576
17263,1.270522
17264,1.270522
17265,1.270522
17266,1.270522
17267,1.270428
17268,1.270428
17269,1.270428
17270,1.270428
17271,1.270428
17272,1.270428
17273,1.270428
17274,1.270428
17275,1.270428
17276,1.270402
17277,1.270402
17278,1.270318
17279,1.270318
17280,1.270311
17281,1.270311
17282,1.270311
17283,1.270310
17284,1.270310
17285,1.270295
17286,1.270295
17287,1.270149
17288,1.270149
17289,1.270149
17290,1.270149
17291,1.270149
17292,1.270149
17293,1.270149
17294,1.270140
17295,1.270140
17296,1.270140
17297,1.270140
17298,1.270078
17299,1.270078
17300,1.270078
17301,1.270078
17302,1.269970
17303,1.269970
17304,1.269862
17305,1.269862
17306,1.269862
17307,1.269783
17308,1.269661
17309,1.269640
17310,1.269640
17311,1.269598
17312,1.269598
17313,1.269597
17314,1.269597
17315,1.269597
17316,1.269597
17317,1.269596
17318,1.269596
17319,1.269489
17320,1.269489
17321,1.269461
17322,1.269461
17323,1.269461
17324,1.269448
17325,1.269448
17326,1.269412
17327,1.269412
17328,1.269412
17329,1.269412
17330,1.269412
17331,1.269410
17332,1.269343
17333,1.269343
17334,1.269265
17335,1.269265
17336,1.269265
17337,1.269265
17338,1.269265
17339,1.269265
17340,1.269217
17341,1.269071
17342,1.268990
17343,1.268990
17344,1.268976
17345,1.268899
17346,1.268899
17347,1.268899
17348,1.268853
17349,1.268853
17350,1.268853
17351,1.268853
17352,1.268853
17353,1.268853
17354,1.268808
17355,1.268661
17356,1.268661
17357,1.268546
17358,1.268546
17359,1.268464
17360,1.268464
17361,1.268427
17362,1.268427
17363,1.268427
17364,1.268377
17365,1.268264
17366,1.268264
17367,1.268137
17368,1.268137
17369,1.268137
17370,1.268124
17371,1.268069
17372,1.268069
17373,1.268069
17374,1.268069
17375,1.268029
17376,1.268029
17377,1.268029
17378,1.267985
17379,1.267985
17380,1.267937
17381,1.267937
17382,1.267774
17383,1.267774
17384,1.267751
17385,1.267751
17386,1.267751
17387,1.267746
17388,1.267690
17389,1.267585
17390,1.267585
17391,1.267585
17392,1.267585
17393,1.267581
17394,1.267581
17395,1.267581
17396,1.267565
17397,1.267549
17398,1.267547
17399,1.267547
17400,1.267547
17401,1.267547
17402,1.267547
17403,1.267547
17404,1.267541
17405,1.267541
17406,1.267541
17407,1.267541
17408,1.267541
17409,1.267444
17410,1.267444
17411,1.267444
17412,1.267400
17413,1.267400
17414,1.267400
17415,1.267399
17416,1.267399
17417,1.267399
17418,1.267399
17419,1.267373
17420,1.267373
17421,1.267373
17422,1.267344
17423,1.267344
17424,1.267342
17425,1.267329
17426,1.267329
17427,1.267329
17428,1.267329
17429,1.267329
17430,1.267329
17431,1.267278
17432,1.267278
17433,1.267237
17434,1.267237
17435,1.267237
17436,1.267237
17437,1.267237
17438,1.267237
17439,1.267237
17440,1.267237
17441,1.267237
17442,1.267237
17443,1.267237
17444,1.267229
17445,1.267229
17446,1.267229
17447,1.267229
17448,1.267229
17449,1.267229
17450,1.267229
17451,1.267223
17452,1.267150
17453,1.267150
17454,1.267150
17455,1.267150
17456,1.267139
17457,1.267049
17458,1.267040
17459,1.267040
17460,1.267040
17461,1.267040
17462,1.267013
17463,1.267013
17464,1.267013
17465,1.267013
17466,1.266924
17467,1.266885
17468,1.266862
17469,1.266862
17470,1.266862
17471,1.266862
17472,1.266861
17473,1.266860
17474,1.266714
17475,1.266714
17476,1.266714
17477,1.266657
17478,1.266657
17479,1.266657
17480,1.266570
17481,1.266570
17482,1.266570
17483,1.266570
17484,1.266570
17485,1.266474
17486,1.266474
17487,1.266452
17488,1.266452
17489,1.266452
17490,1.266452
17491,1.266452
17492,1.266452
17493,1.266452
17494,1.266452
17495,1.266431
17496,1.266266
17497,1.266237
17498,1.266195
17499,1.266195
17500,1.266195
17501,1.266195
17502,1.266195
17503,1.266195
17504,1.266158
17505,1.266158
17506,1.266119
17507,1.266012
17508,1.266012
17509,1.266012
17510,1.265931
17511,1.265931
17512,1.265931
17513,1.265931
17514,1.265931
17515,1.265879
17516,1.265754
17517,1.265706
17518,1.265587
17519,1.265587
17520,1.265587
17521,1.265587
17522,1.265587
17523,1.265587
17524,1.265587
17525,1.265587
17526,1.265587
17527,1.265587
17528,1.265587
17529,1.265587
17530,1.265587
17531,1.265587
17532,1.265443
17533,1.265443
17534,1.265443
17535,1.265440
17536,1.265440
17537,1.265440
17538,1.265440
17539,1.265440
17540,1.265350
17541,1.265350
17542,1.265350
17543,1.265350
17544,1.265269
17545,1.265269
17546,1.265252
17547,1.265252
17548,1.265068
17549,1.265068
17550,1.265068
17551,1.265068
17552,1.265068
17553,1.265068
17554,1.265058
17555,1.265058
17556,1.264983
17557,1.264983
17558,1.264983
17559,1.264983
17560,1.264983
17561,1.264983
17562,1.264983
17563,1.264983
17564,1.264983
17565,1.264909
17566,1.264909
17567,1.264909
17568,1.264909
17569,1.264909
17570,1.264821
17571,1.264821
17572,1.264821
17573,1.264821
17574,1.264809
17575,1.264766
17576,1.264766
17577,1.264688
17578,1.264612
17579,1.264612
17580,1.264532
17581,1.264532
17582,1.264502
17583,1.264502
17584,1.264502
17585,1.264469
17586,1.264469
17587,1.264394
17588,1.264394
17589,1.264324
17590,1.264324
17591,1.264324
17592,1.264324
17593,1.264287
17594,1.264182
17595,1.264182
17596,1.264182
17597,1.264182
17598,1.264046
17599,1.264046
17600,1.263993
17601,1.263993
17602,1.263993
17603,1.263993
17604,1.263834
17605,1.263834
17606,1.263834
17607,1.263834
17608,1.263759
17609,1.263751
17610,1.263751
17611,1.263751
17612,1.263749
17613,1.263749
17614,1.263749
17615,1.263749
17616,1.263749
17617,1.263749
17618,1.263749
17619,1.263749
17620,1.263749
17621,1.263630
17622,1.263610
17623,1.263532
17624,1.263532
17625,1.263521
17626,1.263521
17627,1.263462
17628,1.263462
17629,1.263419
17630,1.263419
17631,1.263402
17632,1.263402
17633,1.263289
17634,1.263289
17635,1.263289
17636,1.263289
17637,1.263216
17638,1.263216
17639,1.263146
17640,1.263146
17641,1.263146
17642,1.263104
17643,1.263082
17644,1.262962
17645,1.262830
17646,1.262830
17647,1.262830
17648,1.262830
17649,1.262830
17650,1.262830
17651,1.262830
17652,1.262830
17653,1.262818
17654,1.262818
17655,1.262779
17656,1.262779
17657,1.262779
17658,1.262680
17659,1.262540
17660,1.262540
17661,1.262477
17662,1.262466
17663,1.262466
17664,1.262466
17665,1.262466
17666,1.262356
17667,1.262356
17668,1.262356
17669,1.262356
17670,1.262356
17671,1.262356
17672,1.262281
17673,1.262281
17674,1.262146
17675,1.262146
17676,1.262146
17677,1.262146
17678,1.262083
17679,1.262083
17680,1.262083
17681,1.261971
17682,1.261868
17683,1.261868
17684,1.261868
17685,1.261868
17686,1.261815
17687,1.261803
17688,1.261737
17689,1.261737
17690,1.261737
17691,1.261737
17692,1.261737
17693,1.261688
17694,1.261612
17695,1.261459
17696,1.261422
17697,1.261417
17698,1.261417
17699,1.261351
17700,1.261351
17701,1.261351
17702,1.261351
17703,1.261304
17704,1.261268
17705,1.261201
17706,1.261201
17707,1.261201
17708,1.261201
17709,1.261142
17710,1.261142
17711,1.261142
17712,1.261063
17713,1.261063
17714,1.261063
17715,1.261063
17716,1.261042
17717,1.261042
17718,1.261037
17719,1.261037
17720,1.261037
17721,1.261037
17722,1.261037
17723,1.261036
17724,1.260949
17725,1.260929
17726,1.260929
17727,1.260929
17728,1.260929
17729,1.260929
17730,1.260929
17731,1.260929
17732,1.260929
17733,1.260883
17734,1.260883
17735,1.260883
17736,1.260883
17737,1.260883
17738,1.260883
17739,1.260788
17740,1.260788
17741,1.260690
17742,1.260690
17743,1.260690
17744,1.260690
17745,1.260690
17746,1.260690
17747,1.260567
17748,1.260567
17749,1.260567
17750,1.260567
17751,1.260567
17752,1.260567
17753,1.260567
17754,1.260567
17755,1.260567
17756,1.260567
17757,1.260567
17758,1.260506
17759,1.260506
17760,1.260506
17761,1.260487
17762,1.260487
17763,1.260438
17764,1.260438
17765,1.260438
17766,1.260383
17767,1.260363
17768,1.260260
17769,1.260260
17770,1.260260
17771,1.260238
17772,1.260238
17773,1.260238
17774,1.260238
17775,1.260169
17776,1.260048
17777,1.260048
17778,1.260048
17779,1.260039
17780,1.260039
17781,1.260015
17782,1.259930
17783,1.259861
17784,1.259861
17785,1.259861
17786,1.259861
17787,1.259861
17788,1.259861
17789,1.259845
17790,1.259736
17791,1.259736
17792,1.259736
17793,1.259736
17794,1.259668
17795,1.259663
17796,1.259663
17797,1.259552
17798,1.259552
17799,1.259552
17800,1.259552
17801,1.259550
17802,1.259550
17803,1.259550
17804,1.259543
17805,1.259543
17806,1.259481
17807,1.259481
17808,1.259462
17809,1.259345
17810,1.259345
17811,1.259319
17812,1.259212
17813,1.259212
17814,1.259212
17815,1.259212
17816,1.259212
17817,1.259212
17818,1.259212
17819,1.259211
17820,1.259204
17821,1.259204
17822,1.259139
17823,1.259015
17824,1.259015
17825,1.258911
17826,1.258911
17827,1.258911
17828,1.258911
17829,1.258829
17830,1.258829
17831,1.258828
17832,1.258747
17833,1.258644
17834,1.258644
17835,1.258592
17836,1.258592
17837,1.258592
17838,1.258592
17839,1.258592
17840,1.258578
17841,1.258489
17842,1.258489
17843,1.258433
17844,1.258433
17845,1.258392
17846,1.258392
17847,1.258392
17848,1.258392
17849,1.258271
17850,1.258271
17851,1.258271
17852,1.258269
17853,1.258227
17854,1.258143
17855,1.258143
17856,1.258143
17857,1.258075
17858,1.257983
17859,1.257983
17860,1.257983
17861,1.257983
17862,1.257980
17863,1.257980
17864,1.257980
17865,1.257980
17866,1.257980
17867,1.257980
17868,1.257973
17869,1.257962
17870,1.257947
17871,1.257947
17872,1.257947
17873,1.257941
17874,1.257941
17875,1.257941
17876,1.257941
17877,1.257941
17878,1.257941
17879,1.257941
17880,1.257923
17881,1.257923
17882,1.257906
17883,1.257816
17884,1.257816
17885,1.257816
17886,1.257816
17887,1.257816
17888,1.257797
17889,1.257696
17890,1.257643
17891,1.257643
17892,1.257643
17893,1.257609
17894,1.257536
17895,1.257536
17896,1.257536
17897,1.257480
17898,1.257480
17899,1.257439
17900,1.257379
17901,1.257348
17902,1.257340
17903,1.257340
17904,1.257340
17905,1.257340
17906,1.257340
17907,1.257312
17908,1.257312
17909,1.257312
17910,1.257306
17911,1.257306
17912,1.257306
17913,1.257306
17914,1.257306
17915,1.257306
17916,1.257306
17917,1.257306
17918,1.257306
17919,1.257306
17920,1.257306
17921,1.257253
17922,1.257253
17923,1.257253
17924,1.257253
17925,1.257253
17926,1.257253
17927,1.257225
17928,1.257225
17929,1.257225
17930,1.257225
17931,1.257225
17932,1.257225
17933,1.257225
17934,1.257225
17935,1.257220
17936,1.257181
17937,1.257171
17938,1.257117
17939,1.257117
17940,1.257111
17941,1.257057
17942,1.257040
17943,1.256967
17944,1.256967
17945,1.256967
17946,1.256967
17947,1.256967
17948,1.256967
17949,1.256967
17950,1.256967
17951,1.256967
17952,1.256967
17953,1.256967
17954,1.256967
17955,1.256967
17956,1.256967
17957,1.256967
17958,1.256967
17959,1.256792
17960,1.256780
17961,1.256780
17962,1.256780
17963,1.256780
17964,1.256594
17965,1.256506
17966,1.256494
17967,1.256417
17968,1.256369
17969,1.256369
17970,1.256369
17971,1.256347
17972,1.256314
17973,1.256314
17974,1.256285
17975,1.256285
17976,1.256285
17977,1.256285
17978,1.256285
17979,1.256285
17980,1.256285
17981,1.256285
17982,1.256285
17983,1.256285
17984,1.256285
17985,1.256236
17986,1.256200
17987,1.256142
17988,1.256142
17989,1.256137
17990,1.256137
17991,1.256137
17992,1.256082
17993,1.256082
17994,1.256082
17995,1.256082
17996,1.256082
17997,1.255938
17998,1.255938
17999,1.255911
18000,1.255911
18001,1.255809
18002,1.255809
18003,1.255809
18004,1.255809
18005,1.255760
18006,1.255760
18007,1.255748
18008,1.255748
18009,1.255634
18010,1.255634
18011,1.255526
18012,1.255526
18013,1.255526
18014,1.255526
18015,1.255526
18016,1.255526
18017,1.255526
18018,1.255464
18019,1.255262
18020,1.255262
18021,1.255262
18022,1.255262
18023,1.255262
18024,1.255240
18025,1.255240
18026,1.255240
18027,1.255168
18028,1.255168
18029,1.255082
18030,1.255082
18031,1.255082
18032,1.255082
18033,1.255016
18034,1.255016
18035,1.255016
18036,1.255016
18037,1.254998
18038,1.254998
18039,1.254882
18040,1.254882
18041,1.254882
18042,1.254796
18043,1.254796
18044,1.254779
18045,1.254722
18046,1.254722
18047,1.254672
18048,1.254672
18049,1.254672
18050,1.254668
18051,1.254668
18052,1.254608
18053,1.254472
18054,1.254462
18055,1.254462
18056,1.254456
18057,1.254398
18058,1.254398
18059,1.254323
18060,1.254323
18061,1.254323
18062,1.254323
18063,1.254323
18064,1.254318
18065,1.254219
18066,1.254215
18067,1.254145
18068,1.254145
18069,1.253983
18070,1.253861
18071,1.253842
18072,1.253842
18073,1.253842
18074,1.253842
18075,1.253842
18076,1.253842
18077,1.253842
18078,1.253842
18079,1.253842
18080,1.253842
18081,1.253842
18082,1.253842
18083,1.253842
18084,1.253842
18085,1.253842
18086,1.253803
18087,1.253803
18088,1.253779
18089,1.253779
18090,1.253779
18091,1.253779
18092,1.253719
18093,1.253719
18094,1.253670
18095,1.253670
18096,1.253670
18097,1.253670
18098,1.253670
18099,1.253645
18100,1.253645
18101,1.253570
18102,1.253570
18103,1.253458
18104,1.253458
18105,1.253458
18106,1.253458
18107,1.253458
18108,1.253458
18109,1.253440
18110,1.253440
18111,1.253440
18112,1.253356
18113,1.253356
18114,1.253356
18115,1.253356
18116,1.253237
18117,1.253237
18118,1.253194
18119,1.253194
18120,1.253194
18121,1.253110
18122,1.253087
18123,1.253087
18124,1.253087
18125,1.253087
18126,1.253087
18127,1.253034
18128,1.253034
18129,1.253034
18130,1.253034
18131,1.253034
18132,1.252995
18133,1.252995
18134,1.252995
18135,1.252995
18136,1.252995
18137,1.252993
18138,1.252993
18139,1.252955
18140,1.252923
18141,1.252923
18142,1.252836
18143,1.252836
18144,1.252836
18145,1.252611
18146,1.252611
18147,1.252611
18148,1.252476
18149,1.252476
18150,1.252476
18151,1.252476
18152,1.252476
18153,1.252476
18154,1.252383
18155,1.252266
18156,1.252266
18157,1.252238
18158,1.252238
18159,1.252238
18160,1.252238
18161,1.252238
18162,1.252238
18163,1.252197
18164,1.252197
18165,1.252058
18166,1.252042
18167,1.252042
18168,1.252042
18169,1.251991
18170,1.251991
18171,1.251991
18172,1.251991
18173,1.251991
18174,1.251974
18175,1.251974
18176,1.251893
18177,1.251857
18178,1.251848
18179,1.251848
18180,1.251848
18181,1.251848
18182,1.251848
18183,1.251848
18184,1.251848
18185,1.251848
18186,1.251768
18187,1.251768
18188,1.251672
18189,1.251672
18190,1.251612
18191,1.251526
18192,1.251526
18193,1.251526
18194,1.251526
18195,1.251521
18196,1.251479
18197,1.251479
18198,1.251479
18199,1.251479
18200,1.251428
18201,1.251309
18202,1.251245
18203,1.251184
18204,1.251184
18205,1.251184
18206,1.251184
18207,1.251184
18208,1.251184
18209,1.251184
18210,1.251184
18211,1.251184
18212,1.251184
18213,1.251184
18214,1.251184
18215,1.251151
18216,1.251151
18217,1.251151
18218,1.251045
18219,1.251045
18220,1.251045
18221,1.251045
18222,1.251045
18223,1.251045
18224,1.251045
18225,1.251045
18226,1.251045
18227,1.251045
18228,1.251045
18229,1.251020
18230,1.251020
18231,1.251017
18232,1.250968
18233,1.250968
18234,1.250895
18235,1.250895
18236,1.250895
18237,1.250784
18238,1.250784
18239,1.250763
18240,1.250551
18241,1.250551
18242,1.250551
18243,1.250551
18244,1.250551
18245,1.250549
18246,1.250536
18247,1.250536
18248,1.250536
18249,1.250485
18250,1.250485
18251,1.250464
18252,1.250464
18253,1.250464
18254,1.250464
18255,1.250464
18256,1.250464
18257,1.250435
18258,1.250338
18259,1.250338
18260,1.250338
18261,1.250338
18262,1.250338
18263,1.250315
18264,1.250315
18265,1.250273
18266,1.250273
18267,1.250273
18268,1.250273
18269,1.250273
18270,1.250273
18271,1.250273
18272,1.250273
18273,1.250273
18274,1.250273
18275,1.250273
18276,1.250273
18277,1.250267
18278,1.250267
18279,1.250267
18280,1.250267
18281,1.250267
18282,1.250209
18283,1.250209
18284,1.250209
18285,1.250209
18286,1.250209
18287,1.250163
18288,1.250107
18289,1.250107
18290,1.250107
18291,1.250105
18292,1.250033
18293,1.250033
18294,1.250033
18295,1.250033
18296,1.250004
18297,1.249948
18298,1.249948
18299,1.249839
18300,1.249839
18301,1.249839
18302,1.249839
18303,1.249839
18304,1.249839
18305,1.249839
18306,1.249839
18307,1.249839
18308,1.249822
18309,1.249813
18310,1.249753
18311,1.249753
18312,1.249753
18313,1.249753
18314,1.249753
18315,1.249671
18316,1.249662
18317,1.249579
18318,1.249548
18319,1.249483
18320,1.249483
18321,1.249405
18322,1.249405
18323,1.249405
18324,1.249392
18325,1.249372
18326,1.249372
18327,1.249348
18328,1.249348
18329,1.249348
18330,1.249348
18331,1.249342
18332,1.249340
18333,1.249340
18334,1.249303
18335,1.249193
18336,1.249193
18337,1.249193
18338,1.249129
18339,1.249129
18340,1.249129
18341,1.249082
18342,1.249082
18343,1.249022
18344,1.249022
18345,1.249016
18346,1.249016
18347,1.249016
18348,1.249016
18349,1.248967
18350,1.248846
18351,1.248846
18352,1.248846
18353,1.248846
18354,1.248846
18355,1.248846
18356,1.248846
18357,1.248846
18358,1.248846
18359,1.248846
18360,1.248846
18361,1.248822
18362,1.248752
18363,1.248752
18364,1.248752
18365,1.248752
18366,1.248752
18367,1.248651
18368,1.248622
18369,1.248622
18370,1.248544
18371,1.248544
18372,1.248544
18373,1.248544
18374,1.248539
18375,1.248499
18376,1.248383
18377,1.248383
18378,1.248383
18379,1.248350
18380,1.248350
18381,1.248350
18382,1.248350
18383,1.248350
18384,1.248350
18385,1.248350
18386,1.248350
18387,1.248350
18388,1.248208
18389,1.248208
18390,1.248208
18391,1.248208
18392,1.248207
18393,1.248207
18394,1.248174
18395,1.248159
18396,1.248159
18397,1.248131
18398,1.248131
18399,1.248121
18400,1.248105
18401,1.248105
18402,1.248031
18403,1.248031
18404,1.248031
18405,1.248012
18406,1.247983
18407,1.247841
18408,1.247781
18409,1.247781
18410,1.247781
18411,1.247781
18412,1.247759
18413,1.247759
18414,1.247748
18415,1.247748
18416,1.247730
18417,1.247730
18418,1.247683
18419,1.247683
18420,1.247683
18421,1.247683
18422,1.247683
18423,1.247642
18424,1.247642
18425,1.247642
18426,1.247578
18427,1.247578
18428,1.247578
18429,1.247474
18430,1.247474
18431,1.247446
18432,1.247358
18433,1.247358
18434,1.247358
18435,1.247358
18436,1.247358
18437,1.247358
18438,1.247353
18439,1.247353
18440,1.247353
18441,1.247353
18442,1.247278
18443,1.247278
18444,1.247278
18445,1.247278
18446,1.247278
18447,1.247154
18448,1.247154
18449,1.247154
18450,1.247124
18451,1.247124
18452,1.247124
18453,1.247093
18454,1.247093
18455,1.247090
18456,1.247090
18457,1.247011
18458,1.247011
18459,1.246923
18460,1.246923
18461,1.246823
18462,1.246794
18463,1.246794
18464,1.246771
18465,1.246771
18466,1.246771
18467,1.246771
18468,1.246771
18469,1.246656
18470,1.246548
18471,1.246470
18472,1.246470
18473,1.246470
18474,1.246401
18475,1.246236
18476,1.246236
18477,1.246236
18478,1.246130
18479,1.246130
18480,1.246071
18481,1.246038
18482,1.246038
18483,1.246038
18484,1.245985
18485,1.245985
18486,1.245985
18487,1.245985
18488,1.245985
18489,1.245985
18490,1.245985
18491,1.245924
18492,1.245924
18493,1.245816
18494,1.245816
18495,1.245733
18496,1.245682
18497,1.245587
18498,1.245554
18499,1.245554
18500,1.245434
18501,1.245323
18502,1.245257
18503,1.245242
18504,1.245242
18505,1.245242
18506,1.245217
18507,1.245144
18508,1.245114
18509,1.245114
18510,1.245114
18511,1.245100
18512,1.245100
18513,1.245100
18514,1.245067
18515,1.245067
18516,1.245067
18517,1.245062
18518,1.245062
18519,1.245062
18520,1.245061
18521,1.245061
18522,1.245052
18523,1.245052
18524,1.245052
18525,1.245011
18526,1.244936
18527,1.244936
18528,1.244892
18529,1.244892
18530,1.244892
18531,1.244838
18532,1.244838
18533,1.244838
18534,1.244838
18535,1.244838
18536,1.244838
18537,1.244773
18538,1.244773
18539,1.244773
18540,1.244690
18541,1.244690
18542,1.244595
18543,1.244595
18544,1.244595
18545,1.244493
18546,1.244439
18547,1.244435
18548,1.244435
18549,1.244435
18550,1.244353
18551,1.244353
18552,1.244353
18553,1.244231
18554,1.244231
18555,1.244231
18556,1.244231
18557,1.244231
18558,1.244145
18559,1.244078
18560,1.244078
18561,1.244078
18562,1.244078
18563,1.244014
18564,1.244014
18565,1.243993
18566,1.243993
18567,1.243993
18568,1.243993
18569,1.243993
18570,1.243993
18571,1.243993
18572,1.243993
18573,1.243993
18574,1.243993
18575,1.243951
18576,1.243951
18577,1.243929
18578,1.243917
18579,1.243917
18580,1.243917
18581,1.243814
18582,1.243814
18583,1.243751
18584,1.243705
18585,1.243705
18586,1.243702
18587,1.243702
18588,1.243634
18589,1.243634
18590,1.243634
18591,1.243634
18592,1.243634
18593,1.243618
18594,1.243618
18595,1.243618
18596,1.243618
18597,1.243618
18598,1.243618
18599,1.243613
18600,1.243586
18601,1.243383
18602,1.243383
18603,1.243383
18604,1.243383
18605,1.243383
18606,1.243383
18607,1.243383
18608,1.243383
18609,1.243383
18610,1.243383
18611,1.243383
18612,1.243339
18613,1.243339
18614,1.243336
18615,1.243207
18616,1.243107
18617,1.243107
18618,1.243107
18619,1.243107
18620,1.243096
18621,1.243060
18622,1.243025
18623,1.243025
18624,1.243025
18625,1.243025
18626,1.243015
18627,1.243015
18628,1.242902
18629,1.242902
18630,1.242902
18631,1.242901
18632,1.242780
18633,1.242780
18634,1.242780
18635,1.242578
18636,1.242578
18637,1.242578
18638,1.242578
18639,1.242492
18640,1.242492
18641,1.242492
18642,1.242445
18643,1.242350
18644,1.242297
18645,1.242297
18646,1.242273
18647,1.242273
18648,1.242273
18649,1.242207
18650,1.242207
18651,1.242207
18652,1.242207
18653,1.242177
18654,1.242177
18655,1.242177
18656,1.242177
18657,1.242177
18658,1.242173
18659,1.242173
18660,1.242151
18661,1.242151
18662,1.242151
18663,1.242151
18664,1.242112
18665,1.242105
18666,1.242088
18667,1.242038
18668,1.242038
18669,1.241932
18670,1.241915
18671,1.241852
18672,1.241830
18673,1.241830
18674,1.241830
18675,1.241830
18676,1.241811
18677,1.241629
18678,1.241629
18679,1.241588
18680,1.241588
18681,1.241494
18682,1.241494
18683,1.241494
18684,1.241494
18685,1.241494
18686,1.241436
18687,1.241354
18688,1.241354
18689,1.241280
18690,1.241280
18691,1.241280
18692,1.241280
18693,1.241280
18694,1.241179
18695,1.241179
18696,1.241179
18697,1.241179
18698,1.241157
18699,1.241157
18700,1.241072
18701,1.241072
18702,1.241064
18703,1.241056
18704,1.241056
18705,1.241004
18706,1.240923
18707,1.240923
18708,1.240923
18709,1.240871
18710,1.240826
18711,1.240826
18712,1.240826
18713,1.240826
18714,1.240826
18715,1.240826
18716,1.240826
18717,1.240772
18718,1.240754
18719,1.240718
18720,1.240718
18721,1.240679
18722,1.240537
18723,1.240537
18724,1.240462
18725,1.240414
18726,1.240363
18727,1.240363
18728,1.240363
18729,1.240363
18730,1.240363
18731,1.240363
18732,1.240361
18733,1.240359
18734,1.240359
18735,1.240359
18736,1.240359
18737,1.240318
18738,1.240302
18739,1.240302
18740,1.240254
18741,1.240254
18742,1.240254
18743,1.240248
18744,1.240248
18745,1.240248
18746,1.240136
18747,1.240136
18748,1.240012
18749,1.240012
18750,1.240012
18751,1.240012
18752,1.239986
18753,1.239986
18754,1.239986
18755,1.239900
18756,1.239900
18757,1.239900
18758,1.239900
18759,1.239900
18760,1.239733
18761,1.239657
18762,1.239657
18763,1.239621
18764,1.239603
18765,1.239577
18766,1.239496
18767,1.239496
18768,1.239496
18769,1.239480
18770,1.239480
18771,1.239480
18772,1.239480
18773,1.239429
18774,1.239383
18775,1.239383
18776,1.239334
18777,1.239280
18778,1.239280
18779,1.239131
18780,1.239131
18781,1.239131
18782,1.239131
18783,1.239131
18784,1.239040
18785,1.239040
18786,1.239040
18787,1.239040
18788,1.239040
18789,1.239040
18790,1.239040
18791,1.239040
18792,1.239040
18793,1.239040
18794,1.238950
18795,1.238904
18796,1.238904
18797,1.238841
18798,1.238835
18799,1.238835
18800,1.238835
18801,1.238835
18802,1.238835
18803,1.238810
18804,1.238810
18805,1.238810
18806,1.238793
18807,1.238736
18808,1.238736
18809,1.238736
18810,1.238623
18811,1.238623
18812,1.238623
18813,1.238623
18814,1.238623
18815,1.238623
18816,1.238623
18817,1.238623
18818,1.238623
18819,1.238623
18820,1.238614
18821,1.238614
18822,1.238532
18823,1.238497
18824,1.238452
18825,1.238390
18826,1.238390
18827,1.238374
18828,1.238374
18829,1.238288
18830,1.238288
18831,1.238288
18832,1.238288
18833,1.238283
18834,1.238283
18835,1.238221
18836,1.238221
18837,1.238210
18838,1.238210
18839,1.238198
18840,1.238198
18841,1.238068
18842,1.237999
18843,1.237894
18844,1.237894
18845,1.237894
18846,1.237879
18847,1.237879
18848,1.237879
18849,1.237830
18850,1.237764
18851,1.237764
18852,1.237622
18853,1.237622
18854,1.237613
18855,1.237574
18856,1.237574
18857,1.237574
18858,1.237574
18859,1.237550
18860,1.237550
18861,1.237550
18862,1.237526
18863,1.237472
18864,1.237472
18865,1.237437
18866,1.237437
18867,1.237437
18868,1.237437
18869,1.237368
18870,1.237356
18871,1.237356
18872,1.237356
18873,1.237344
18874,1.237344
18875,1.237314
18876,1.237314
18877,1.237314
18878,1.237314
18879,1.237295
18880,1.237295
18881,1.237262
18882,1.237262
18883,1.237262
18884,1.237172
18885,1.237172
18886,1.237172
18887,1.237077
18888,1.237077
18889,1.237077
18890,1.237077
18891,1.237077
18892,1.237063
18893,1.237063
18894,1.237063
18895,1.237063
18896,1.237026
18897,1.236964
18898,1.236964
18899,1.236964
18900,1.236912
18901,1.236912
18902,1.236912
18903,1.236912
18904,1.236912
18905,1.236912
18906,1.236912
18907,1.236817
18908,1.236797
18909,1.236698
18910,1.236698
18911,1.236698
18912,1.236698
18913,1.236698
18914,1.236698
18915,1.236698
18916,1.236698
18917,1.236698
18918,1.236698
18919,1.236698
18920,1.236698
18921,1.236672
18922,1.236610
18923,1.236525
18924,1.236525
18925,1.236495
18926,1.236495
18927,1.236482
18928,1.236428
18929,1.236414
18930,1.236414
18931,1.236414
18932,1.236414
18933,1.236331
18934,1.236331
18935,1.236331
18936,1.236331
18937,1.236248
18938,1.236248
18939,1.236225
18940,1.236189
18941,1.236189
18942,1.236189
18943,1.236189
18944,1.236189
18945,1.236189
18946,1.236189
18947,1.236189
18948,1.236189
18949,1.236161
18950,1.236161
18951,1.236092
18952,1.236073
18953,1.235991
18954,1.235991
18955,1.235991
18956,1.235930
18957,1.235930
18958,1.235930
18959,1.235930
18960,1.235924
18961,1.235924
18962,1.235924
18963,1.235862
18964,1.235862
18965,1.235784
18966,1.235784
18967,1.235784
18968,1.235784
18969,1.235784
18970,1.235744
18971,1.235744
18972,1.235744
18973,1.235702
18974,1.235702
18975,1.235702
18976,1.235692
18977,1.235692
18978,1.235662
18979,1.235662
18980,1.235611
18981,1.235611
18982,1.235611
18983,1.235583
18984,1.235512
18985,1.235512
18986,1.235512
18987,1.235512
18988,1.235512
18989,1.235512
18990,1.235512
18991,1.235512
18992,1.235512
18993,1.235493
18994,1.235493
18995,1.235493
18996,1.235474
18997,1.235474
18998,1.235474
18999,1.235405
19000,1.235279
19001,1.235279
19002,1.235279
19003,1.235171
19004,1.235121
19005,1.235121
19006,1.235121
19007,1.235102
19008,1.235074
19009,1.235041
19010,1.235041
19011,1.235041
19012,1.235041
19013,1.235041
19014,1.235041
19015,1.235041
19016,1.235041
19017,1.235024
19018,1.234963
19019,1.234963
19020,1.234797
19021,1.234797
19022,1.234739
19023,1.234739
19024,1.234701
19025,1.234623
19026,1.234623
19027,1.234623
19028,1.234553
19029,1.234553
19030,1.234473
19031,1.234473
19032,1.234473
19033,1.234473
19034,1.234473
19035,1.234473
19036,1.234473
19037,1.234473
19038,1.234472
19039,1.234445
19040,1.234445
19041,1.234445
19042,1.234445
19043,1.234445
19044,1.234445
19045,1.234445
19046,1.234445
19047,1.234412
19048,1.234412
19049,1.234412
19050,1.234412
19051,1.234412
19052,1.234412
19053,1.234379
19054,1.234379
19055,1.234379
19056,1.234339
19057,1.234339
19058,1.234339
19059,1.234339
19060,1.234339
19061,1.234236
19062,1.234236
19063,1.234236
19064,1.234183
19065,1.234033
19066,1.234033
19067,1.234033
19068,1.233951
19069,1.233899
19070,1.233899
19071,1.233857
19072,1.233857
19073,1.233857
19074,1.233852
19075,1.233695
19076,1.233666
19077,1.233666
19078,1.233569
19079,1.233569
19080,1.233522
19081,1.233493
19082,1.233493
19083,1.233400
19084,1.233400
19085,1.233361
19086,1.233361
19087,1.233329
19088,1.233329
19089,1.233329
19090,1.233329
19091,1.233329
19092,1.233201
19093,1.233201
19094,1.233140
19095,1.233140
19096,1.233140
19097,1.233140
19098,1.233140
19099,1.233107
19100,1.233080
19101,1.233080
19102,1.233080
19103,1.233020
19104,1.232927
19105,1.232927
19106,1.232927
19107,1.232899
19108,1.232880
19109,1.232843
19110,1.232843
19111,1.232767
19112,1.232767
19113,1.232767
19114,1.232767
19115,1.232767
19116,1.232767
19117,1.232738
19118,1.232652
19119,1.232652
19120,1.232652
19121,1.232652
19122,1.232547
19123,1.232547
19124,1.232547
19125,1.232516
19126,1.232516
19127,1.232516
19128,1.232473
19129,1.232473
19130,1.232473
19131,1.232409
19132,1.232409
19133,1.232377
19134,1.232377
19135,1.232377
19136,1.232377
19137,1.232368
19138,1.232368
19139,1.232366
19140,1.232366
19141,1.232305
19142,1.232305
19143,1.232305
19144,1.232305
19145,1.232279
19146,1.232235
19147,1.232214
19148,1.232101
19149,1.232094
19150,1.232063
19151,1.231997
19152,1.231981
19153,1.231885
19154,1.231795
19155,1.231741
19156,1.231671
19157,1.231608
19158,1.231608
19159,1.231596
19160,1.231591
19161,1.231591
19162,1.231591
19163,1.231519
19164,1.231492
19165,1.231492
19166,1.231492
19167,1.231492
19168,1.231492
19169,1.231492
19170,1.231450
19171,1.231450
19172,1.231450
19173,1.231450
19174,1.231450
19175,1.231450
19176,1.231450
19177,1.231450
19178,1.231450
19179,1.231450
19180,1.231400
19181,1.231354
19182,1.231350
19183,1.231350
19184,1.231350
19185,1.231350
19186,1.231350
19187,1.231350
19188,1.231350
19189,1.231350
19190,1.231350
19191,1.231309
19192,1.231309
19193,1.231309
19194,1.231121
19195,1.231093
19196,1.230995
19197,1.230995
19198,1.230995
19199,1.230987
19200,1.230987
19201,1.230960
19202,1.230960
19203,1.230960
19204,1.230960
19205,1.230952
19206,1.230952
19207,1.230952
19208,1.230940
19209,1.230940
19210,1.230940
19211,1.230940
19212,1.230936
19213,1.230936
19214,1.230936
19215,1.230905
19216,1.230846
19217,1.230834
19218,1.230834
19219,1.230755
19220,1.230755
19221,1.230755
19222,1.230755
19223,1.230732
19224,1.230732
19225,1.230732
19226,1.230690
19227,1.230681
19228,1.230627
19229,1.230627
19230,1.230627
19231,1.230627
19232,1.230627
19233,1.230547
19234,1.230547
19235,1.230526
19236,1.230526
19237,1.230525
19238,1.230525
19239,1.230525
19240,1.230525
19241,1.230525
19242,1.230479
19243,1.230473
19244,1.230473
19245,1.230473
19246,1.230366
19247,1.230366
19248,1.230366
19249,1.230339
19250,1.230313
19251,1.230305
19252,1.230305
19253,1.230283
19254,1.230164
19255,1.230164
19256,1.230164
19257,1.230081
19258,1.230081
19259,1.230043
19260,1.230015
19261,1.230015
19262,1.229974
19263,1.229974
19264,1.229974
19265,1.229955
19266,1.229955
19267,1.229955
19268,1.229955
19269,1.229955
19270,1.229893
19271,1.229893
19272,1.229879
19273,1.229796
19274,1.229740
19275,1.229712
19276,1.229663
19277,1.229663
19278,1.229663
19279,1.229663
19280,1.229623
19281,1.229572
19282,1.229572
19283,1.229572
19284,1.229510
19285,1.229510
19286,1.229510
19287,1.229510
19288,1.229402
19289,1.229402
19290,1.229402
19291,1.229402
19292,1.229402
19293,1.229402
19294,1.229264
19295,1.229239
19296,1.229239
19297,1.229188
19298,1.229123
19299,1.229118
19300,1.229118
19301,1.229118
19302,1.229118
19303,1.229118
19304,1.229023
19305,1.229023
19306,1.229012
19307,1.229012
19308,1.229012
19309,1.229012
19310,1.229012
19311,1.229012
19312,1.229012
19313,1.229012
19314,1.228954
19315,1.228954
19316,1.228954
19317,1.228954
19318,1.228954
19319,1.228954
19320,1.228954
19321,1.228950
19322,1.228825
19323,1.228825
19324,1.228825
19325,1.228816
19326,1.228816
19327,1.228816
19328,1.228794
19329,1.228794
19330,1.228794
19331,1.228684
19332,1.228684
19333,1.228633
19334,1.228633
19335,1.228633
19336,1.228633
19337,1.228633
19338,1.228510
19339,1.228510
19340,1.228510
19341,1.228510
19342,1.228510
19343,1.228510
19344,1.228458
19345,1.228458
19346,1.228380
19347,1.228235
19348,1.228235
19349,1.228235
19350,1.228235
19351,1.228235
19352,1.228110
19353,1.228087
19354,1.228087
19355,1.228087
19356,1.228087
19357,1.228069
19358,1.228069
19359,1.228069
19360,1.228031
19361,1.228031
19362,1.228006
19363,1.227942
19364,1.227942
19365,1.227942
19366,1.227942
19367,1.227942
19368,1.227890
19369,1.227749
19370,1.227749
19371,1.227749
19372,1.227749
19373,1.227749
19374,1.227749
19375,1.227711
19376,1.227630
19377,1.227508
19378,1.227508
19379,1.227508
19380,1.227407
19381,1.227407
19382,1.227398
19383,1.227364
19384,1.227340
19385,1.227340
19386,1.227193
19387,1.227193
19388,1.227135
19389,1.227127
19390,1.227127
19391,1.227127
19392,1.227126
19393,1.227023
19394,1.226988
19395,1.226988
19396,1.226988
19397,1.226988
19398,1.226988
19399,1.226907
19400,1.226907
19401,1.226827
19402,1.226827
19403,1.226827
19404,1.226827
19405,1.226776
19406,1.226741
19407,1.226623
19408,1.226623
19409,1.226592
19410,1.226522
19411,1.226492
19412,1.226430
19413,1.226430
19414,1.226430
19415,1.226328
19416,1.226180
19417,1.226180
19418,1.226180
19419,1.226180
19420,1.226180
19421,1.226173
19422,1.226173
19423,1.226173
19424,1.226049
19425,1.226049
19426,1.226049
19427,1.225915
19428,1.225915
19429,1.225839
19430,1.225746
19431,1.225722
19432,1.225722
19433,1.225665
19434,1.225643
19435,1.225643
19436,1.225632
19437,1.225632
19438,1.225632
19439,1.225632
19440,1.225632
19441,1.225632
19442,1.225632
19443,1.225632
19444,1.225632
19445,1.225616
19446,1.225616
19447,1.225574
19448,1.225431
19449,1.225415
19450,1.225279
19451,1.225279
19452,1.225279
19453,1.225279
19454,1.225177
19455,1.225038
19456,1.225038
19457,1.225038
19458,1.225038
19459,1.225018
19460,1.225018
19461,1.225018
19462,1.225004
19463,1.224928
19464,1.224928
19465,1.224928
19466,1.224928
19467,1.224928
19468,1.224848
19469,1.224848
19470,1.224848
19471,1.224848
19472,1.224833
19473,1.224833
19474,1.224833
19475,1.224797
19476,1.224754
19477,1.224754
19478,1.224754
19479,1.224754
19480,1.224754
19481,1.224754
19482,1.224754
19483,1.224754
19484,1.224754
19485,1.224744
19486,1.224744
19487,1.224744
19488,1.224735
19489,1.224735
19490,1.224735
19491,1.224735
19492,1.224735
19493,1.224653
19494,1.224653
19495,1.224653
19496,1.224653
19497,1.224653
19498,1.224653
19499,1.224653
19500,1.224653
19501,1.224554
19502,1.224554
19503,1.224466
19504,1.224466
19505,1.224466
19506,1.224466
19507,1.224405
19508,1.224405
19509,1.224405
19510,1.224405
19511,1.224405
19512,1.224405
19513,1.224319
19514,1.224315
19515,1.224228
19516,1.224228
19517,1.224228
19518,1.224227
19519,1.224227
19520,1.224048
19521,1.224048
19522,1.224048
19523,1.224048
19524,1.224048
19525,1.224048
19526,1.224048
19527,1.223925
19528,1.223925
19529,1.223925
19530,1.223925
19531,1.223874
19532,1.223833
19533,1.223813
19534,1.223813
19535,1.223813
19536,1.223799
19537,1.223781
19538,1.223781
19539,1.223781
19540,1.223745
19541,1.223745
19542,1.223745
19543,1.223745
19544,1.223744
19545,1.223691
19546,1.223691
19547,1.223691
19548,1.223670
19549,1.223670
19550,1.223657
19551,1.223657
19552,1.223657
19553,1.223657
19554,1.223657
19555,1.223657
19556,1.223657
19557,1.223657
19558,1.223633
19559,1.223633
19560,1.223633
19561,1.223631
19562,1.223631
19563,1.223631
19564,1.223631
19565,1.223631
19566,1.223631
19567,1.223614
19568,1.223614
19569,1.223595
19570,1.223595
19571,1.223536
19572,1.223497
19573,1.223497
19574,1.223497
19575,1.223444
19576,1.223425
19577,1.223305
19578,1.223201
19579,1.223201
19580,1.223201
19581,1.223201
19582,1.223166
19583,1.223166
19584,1.223159
19585,1.223159
19586,1.223159
19587,1.223135
19588,1.223135
19589,1.223102
19590,1.223102
19591,1.223102
19592,1.223049
19593,1.223049
19594,1.223049
19595,1.223049
19596,1.223049
19597,1.223049
19598,1.223049
19599,1.223039
19600,1.223039
19601,1.223039
19602,1.222991
19603,1.222888
19604,1.222888
19605,1.222888
19606,1.222861
19607,1.222861
19608,1.222780
19609,1.222780
19610,1.222780
19611,1.222780
19612,1.222747
19613,1.222747
19614,1.222747
19615,1.222747
19616,1.222747
19617,1.222747
19618,1.222747
19619,1.222710
19620,1.222699
19621,1.222652
19622,1.222652
19623,1.222587
19624,1.222587
19625,1.222587
19626,1.222587
19627,1.222587
19628,1.222587
19629,1.222405
19630,1.222327
19631,1.222327
19632,1.222293
19633,1.222293
19634,1.222293
19635,1.222278
19636,1.222278
19637,1.222278
19638,1.222278
19639,1.222278
19640,1.222242
19641,1.222105
19642,1.222022
19643,1.222022
19644,1.221938
19645,1.221938
19646,1.221886
19647,1.221886
19648,1.221886
19649,1.221806
19650,1.221806
19651,1.221749
19652,1.221749
19653,1.221749
19654,1.221730
19655,1.221730
19656,1.221730
19657,1.221713
19658,1.221613
19659,1.221613
19660,1.221613
19661,1.221613
19662,1.221613
19663,1.221565
19664,1.221460
19665,1.221460
19666,1.221460
19667,1.221285
19668,1.221285
19669,1.221285
19670,1.221277
19671,1.221138
19672,1.221138
19673,1.221138
19674,1.221138
19675,1.221099
19676,1.221099
19677,1.221061
19678,1.221061
19679,1.221061
19680,1.220978
19681,1.220937
19682,1.220898
19683,1.220898
19684,1.220898
19685,1.220898
19686,1.220898
19687,1.220898
19688,1.220898
19689,1.220886
19690,1.220886
19691,1.220799
19692,1.220799
19693,1.220799
19694,1.220799
19695,1.220680
19696,1.220680
19697,1.220586
19698,1.220550
19699,1.220550
19700,1.220550
19701,1.220523
19702,1.220496
19703,1.220458
19704,1.220458
19705,1.220402
19706,1.220402
19707,1.220402
19708,1.220389
19709,1.220389
19710,1.220389
19711,1.220266
19712,1.220199
19713,1.220149
19714,1.220149
19715,1.220028
19716,1.220028
19717,1.219956
19718,1.219956
19719,1.219951
19720,1.219951
19721,1.219951
19722,1.219951
19723,1.219951
19724,1.219951
19725,1.219951
19726,1.219951
19727,1.219902
19728,1.219902
19729,1.219902
19730,1.219902
19731,1.219898
19732,1.219888
19733,1.219880
19734,1.219880
19735,1.219880
19736,1.219880
19737,1.219832
19738,1.219736
19739,1.219736
19740,1.219677
19741,1.219471
19742,1.219471
19743,1.219466
19744,1.219384
19745,1.219305
19746,1.219305
19747,1.219305
19748,1.219305
19749,1.219305
19750,1.219260
19751,1.219224
19752,1.219224
19753,1.219224
19754,1.219224
19755,1.219224
19756,1.219224
19757,1.219210
19758,1.219210
19759,1.219210
19760,1.219210
19761,1.219175
19762,1.219175
19763,1.219175
19764,1.219175
19765,1.219175
19766,1.219128
19767,1.219128
19768,1.219128
19769,1.219128
19770,1.219128
19771,1.219128
19772,1.219050
19773,1.218965
19774,1.218955
19775,1.218930
19776,1.218930
19777,1.218926
19778,1.218926
19779,1.218926
19780,1.218917
19781,1.218877
19782,1.218856
19783,1.218856
19784,1.218856
19785,1.218856
19786,1.218856
19787,1.218824
19788,1.218765
19789,1.218765
19790,1.218765
19791,1.218711
19792,1.218711
19793,1.218652
19794,1.218652
19795,1.218652
19796,1.218652
19797,1.218652
19798,1.218642
19799,1.218642
19800,1.218642
19801,1.218471
19802,1.218471
19803,1.218471
19804,1.218471
19805,1.218256
19806,1.218235
19807,1.218171
19808,1.218171
19809,1.218171
19810,1.218136
19811,1.218126
19812,1.218126
19813,1.218126
19814,1.218126
19815,1.217979
19816,1.217979
19817,1.217979
19818,1.217979
19819,1.217979
19820,1.217979
19821,1.217949
19822,1.217949
19823,1.217931
19824,1.217779
19825,1.217779
19826,1.217779
19827,1.217779
19828,1.217743
19829,1.217743
19830,1.217743
19831,1.217743
19832,1.217743
19833,1.217743
19834,1.217743
19835,1.217743
19836,1.217743
19837,1.217743
19838,1.217743
19839,1.217694
19840,1.217694
19841,1.217619
19842,1.217619
19843,1.217619
19844,1.217619
19845,1.217608
19846,1.217608
19847,1.217608
19848,1.217608
19849,1.217575
19850,1.217454
19851,1.217454
19852,1.217432
19853,1.217408
19854,1.217350
19855,1.217350
19856,1.217350
19857,1.217350
19858,1.217350
19859,1.217343
19860,1.217343
19861,1.217343
19862,1.217247
19863,1.217247
19864,1.217247
19865,1.217247
19866,1.217247
19867,1.217247
19868,1.217247
19869,1.217247
19870,1.217247
19871,1.217234
19872,1.217125
19873,1.217125
19874,1.217065
19875,1.217065
19876,1.217065
19877,1.216974
19878,1.216974
19879,1.216928
19880,1.216928
19881,1.216928
19882,1.216928
19883,1.216928
19884,1.216928
19885,1.216928
19886,1.216921
19887,1.216921
19888,1.216906
19889,1.216906
19890,1.216906
19891,1.216891
19892,1.216891
19893,1.216891
19894,1.216891
19895,1.216891
19896,1.216787
19897,1.216678
19898,1.216678
19899,1.216619
19900,1.216619
19901,1.216619
19902,1.216619
19903,1.216528
19904,1.216365
19905,1.216339
19906,1.216317
19907,1.216317
19908,1.216317
19909,1.216269
19910,1.216269
19911,1.216263
19912,1.216263
19913,1.216232
19914,1.216232
19915,1.216176
19916,1.216060
19917,1.215992
19918,1.215992
19919,1.215992
19920,1.215992
19921,1.215924
19922,1.215924
19923,1.215838
19924,1.215838
19925,1.215838
19926,1.215838
19927,1.215838
19928,1.215756
19929,1.215618
19930,1.215618
19931,1.215618
19932,1.215558
19933,1.215558
19934,1.215517
19935,1.215517
19936,1.215467
19937,1.215467
19938,1.215467
19939,1.215467
19940,1.215423
19941,1.215423
19942,1.215423
19943,1.215372
19944,1.215372
19945,1.215372
19946,1.215372
19947,1.215372
19948,1.215269
19949,1.215269
19950,1.215255
19951,1.215117
19952,1.215101
19953,1.215101
19954,1.215078
19955,1.215078
19956,1.215037
19957,1.215037
19958,1.214996
19959,1.214972
19960,1.214972
19961,1.214951
19962,1.214951
19963,1.214951
19964,1.214896
19965,1.214896
19966,1.214872
19967,1.214872
19968,1.214784
19969,1.214784
19970,1.214784
19971,1.214766
19972,1.214629
19973,1.214605
19974,1.214605
19975,1.214605
19976,1.214523
19977,1.214407
19978,1.214354
19979,1.214354
19980,1.214278
19981,1.214261
19982,1.214259
19983,1.214221
19984,1.214221
19985,1.214221
19986,1.214221
19987,1.214221
19988,1.214221
19989,1.214221
19990,1.214221
19991,1.214221
19992,1.214221
19993,1.214221
19994,1.214221
19995,1.214196
19996,1.214196
19997,1.214126
19998,1.214126
19999,1.214117
